ticker;nasdaq
A;y
AA;y
AAAU;y
AACG;y
AADR;y
AAL;y
AAMC;y
AAME;y
AAN;y
AAOI;y
AAON;y
AAP;y
AAPL;y
AAT;y
AAU;y
AAWW;y
AAXJ;y
AAXN;y
AB;y
ABB;y
ABBV;y
ABC;y
ABCB;y
ABEO;y
ABEQ;y
ABEV;y
ABG;y
ABIO;y
ABM;y
ABMD;y
ABR;y
ABT;y
ABTX;y
ABUS;y
AC;y
ACA;y
ACAD;y
ACAM;y
ACAMU;y
ACB;y
ACBI;y
ACC;y
ACCO;y
ACEL;y
ACER;y
ACES;y
ACGL;y
ACGLO;y
ACGLP;y
ACH;y
ACHC;y
ACHV;y
ACIA;y
ACIO;y
ACIU;y
ACIW;y
ACLS;y
ACM;y
ACMR;y
ACN;y
ACNB;y
ACOR;y
ACP;y
ACRE;y
ACRS;y
ACRX;y
ACSG;y
ACSI;y
ACST;y
ACT;y
ACTG;y
ACTT;y
ACTTU;y
ACU;y
ACV;y
ACWF;y
ACWI;y
ACWV;y
ACWX;y
ACY;y
ADAP;y
ADBE;y
ADC;y
ADES;y
ADI;y
ADIL;y
ADM;y
ADMA;y
ADME;y
ADMP;y
ADMS;y
ADNT;y
ADP;y
ADPT;y
ADRE;y
ADRO;y
ADS;y
ADSK;y
ADSW;y
ADT;y
ADTN;y
ADUS;y
ADVM;y
ADX;y
ADXN;y
ADXS;y
AE;y
AEB;y
AEE;y
AEF;y
AEFC;y
AEG;y
AEGN;y
AEHR;y
AEIS;y
AEL;y
AEM;y
AEMD;y
AEO;y
AEP;y
AER;y
AERI;y
AES;y
AESE;y
AESR;y
AEY;y
AEYE;y
AEZS;y
AFB;y
AFC;y
AFG;y
AFGC;y
AFGH;y
AFH;y
AFI;y
AFIF;y
AFIN;y
AFINP;y
AFK;y
AFL;y
AFLG;y
AFMC;y
AFMD;y
AFSM;y
AFT;y
AFTY;y
AFYA;y
AG;y
AGBA;y
AGBAU;y
AGCO;y
AGD;y
AGE;y
AGEN;y
AGFS;y
AGG;y
AGGP;y
AGGY;y
AGI;y
AGIO;y
AGLE;y
AGM;y
AGM$A;y
AGMH;y
AGN;y
AGNC;y
AGNCM;y
AGNCN;y
AGNCO;y
AGNCP;y
AGND;y
AGO;y
AGQ;y
AGR;y
AGRO;y
AGRX;y
AGS;y
AGT;y
AGTC;y
AGX;y
AGYS;y
AGZ;y
AGZD;y
AHC;y
AHCO;y
AHH;y
AHPI;y
AHT;y
AI;y
AIA;y
AIC;y
AIEQ;y
AIF;y
AIG;y
AIH;y
AIHS;y
AIIQ;y
AIKI;y
AIM;y
AIMC;y
AIMT;y
AIN;y
AINC;y
AINV;y
AIO;y
AIQ;y
AIR;y
AIRG;y
AIRI;y
AIRR;y
AIRT;y
AIRTP;y
AIT;y
AIV;y
AIW;y
AIZ;y
AIZP;y
AJG;y
AJRD;y
AJX;y
AJXA;y
AKAM;y
AKBA;y
AKCA;y
AKER;y
AKG;y
AKR;y
AKRO;y
AKRX;y
AKTS;y
AKTX;y
AL;y
ALAC;y
ALACR;y
ALACU;y
ALB;y
ALBO;y
ALC;y
ALCO;y
ALDX;y
ALE;y
ALEC;y
ALEX;y
ALFA;y
ALG;y
ALGN;y
ALGR;y
ALGRU;y
ALGT;y
ALIM;y
ALJJ;y
ALK;y
ALKS;y
ALL;y
ALLE;y
ALLK;y
ALLO;y
ALLT;y
ALLY;y
ALNA;y
ALNY;y
ALO;y
ALOT;y
ALPN;y
ALRM;y
ALRN;y
ALRS;y
ALSK;y
ALSN;y
ALT;y
ALTG;y
ALTM;y
ALTR;y
ALTS;y
ALTY;y
ALUS;y
ALV;y
ALX;y
ALXN;y
ALYA;y
AM;y
AMAG;y
AMAL;y
AMAT;y
AMBA;y
AMBC;y
AMBO;y
AMC;y
AMCA;y
AMCI;y
AMCIU;y
AMCR;y
AMCX;y
AMD;y
AME;y
AMED;y
AMEH;y
AMG;y
AMGN;y
AMH;y
AMHC;y
AMHCU;y
AMJ;y
AMK;y
AMKR;y
AMLP;y
AMN;y
AMNB;y
AMOM;y
AMOT;y
AMOV;y
AMP;y
AMPE;y
AMPH;y
AMPY;y
AMRB;y
AMRC;y
AMRH;y
AMRK;y
AMRN;y
AMRS;y
AMRX;y
AMS;y
AMSC;y
AMSF;y
AMSWA;y
AMT;y
AMTB;y
AMTBB;y
AMTD;y
AMTX;y
AMU;y
AMUB;y
AMWD;y
AMX;y
AMZA;y
AMZN;y
AN;y
ANAB;y
ANAT;y
ANCN;y
ANDA;y
ANDAU;y
ANDE;y
ANET;y
ANF;y
ANGI;y
ANGL;y
ANGO;y
ANH;y
ANIK;y
ANIP;y
ANIX;y
ANPC;y
ANSS;y
ANTE;y
ANTM;y
ANVS;y
ANY;y
AOA;y
AOBC;y
AOD;y
AOK;y
AOM;y
AON;y
AOR;y
AOS;y
AOSL;y
AP;y
APA;y
APAM;y
APD;y
APDN;y
APEI;y
APEN;y
APEX;y
APH;y
APHA;y
APLE;y
APLS;y
APLT;y
APM;y
APO;y
APOG;y
APOP;y
APPF;y
APPN;y
APPS;y
APRE;y
APRN;y
APT;y
APTO;y
APTS;y
APTV;y
APTX;y
APVO;y
APWC;y
APXT;y
APXTU;y
APY;y
APYX;y
AQB;y
AQMS;y
AQN;y
AQNA;y
AQNB;y
AQST;y
AQUA;y
AR;y
ARA;y
ARAV;y
ARAY;y
ARC;y
ARCB;y
ARCC;y
ARCE;y
ARCH;y
ARCM;y
ARCO;y
ARCT;y
ARD;y
ARDC;y
ARDS;y
ARDX;y
ARE;y
AREC;y
ARES;y
ARGD;y
ARGO;y
ARGT;y
ARGX;y
ARI;y
ARKF;y
ARKG;y
ARKK;y
ARKQ;y
ARKR;y
ARKW;y
ARL;y
ARLO;y
ARLP;y
ARMK;y
ARMP;y
ARMR;y
ARNA;y
ARNC;y
AROC;y
AROW;y
ARPO;y
ARQT;y
ARR;y
ARTL;y
ARTNA;y
ARTW;y
ARVN;y
ARW;y
ARWR;y
ARYA;y
ARYAU;y
ASA;y
ASB;y
ASC;y
ASEA;y
ASET;y
ASFI;y
ASG;y
ASGN;y
ASH;y
ASHR;y
ASHS;y
ASHX;y
ASIX;y
ASLN;y
ASM;y
ASMB;y
ASML;y
ASNA;y
ASND;y
ASPN;y
ASPS;y
ASPU;y
ASR;y
ASRT;y
ASRV;y
ASRVP;y
ASTC;y
ASTE;y
ASUR;y
ASX;y
ASYS;y
AT;y
ATAX;y
ATCO;y
ATCX;y
ATEC;y
ATEN;y
ATEX;y
ATGE;y
ATH;y
ATHE;y
ATHM;y
ATHX;y
ATI;y
ATIF;y
ATKR;y
ATLC;y
ATLO;y
ATMP;y
ATNI;y
ATNM;y
ATNX;y
ATO;y
ATOM;y
ATOS;y
ATR;y
ATRA;y
ATRC;y
ATRI;y
ATRO;y
ATRS;y
ATSG;y
ATTO;y
ATUS;y
ATV;y
ATVI;y
ATXI;y
AU;y
AUB;y
AUBN;y
AUDC;y
AUG;y
AUMN;y
AUPH;y
AUSF;y
AUTL;y
AUTO;y
AUY;y
AVA;y
AVAL;y
AVAV;y
AVB;y
AVCO;y
AVD;y
AVDE;y
AVDL;y
AVDV;y
AVEM;y
AVEO;y
AVGO;y
AVGOP;y
AVGR;y
AVH;y
AVID;y
AVK;y
AVLR;y
AVNS;y
AVNW;y
AVRO;y
AVT;y
AVTR;y
AVUS;y
AVUV;y
AVXL;y
AVY;y
AVYA;y
AWAY;y
AWF;y
AWI;y
AWK;y
AWP;y
AWR;y
AWRE;y
AWTM;y
AWX;y
AX;y
AXAS;y
AXDX;y
AXE;y
AXGN;y
AXGT;y
AXJL;y
AXL;y
AXLA;y
AXNX;y
AXO;y
AXP;y
AXR;y
AXS;y
AXSM;y
AXTA;y
AXTI;y
AXU;y
AY;y
AYI;y
AYTU;y
AYX;y
AZN;y
AZO;y
AZPN;y
AZRE;y
AZRX;y
AZUL;y
AZZ;y
B;y
BA;y
BAB;y
BABA;y
BAC;y
BAF;y
BAH;y
BAK;y
BAL;y
BAM;y
BANC;y
BAND;y
BANF;y
BANFP;y
BANR;y
BANX;y
BAP;y
BAPR;y
BAR;y
BASI;y
BATL;y
BATRA;y
BATRK;y
BATT;y
BAUG;y
BAX;y
BB;y
BBAR;y
BBAX;y
BBBY;y
BBC;y
BBCA;y
BBCP;y
BBD;y
BBDC;y
BBDO;y
BBEU;y
BBF;y
BBGI;y
BBH;y
BBI;y
BBIN;y
BBIO;y
BBJP;y
BBK;y
BBL;y
BBN;y
BBP;y
BBQ;y
BBRE;y
BBSA;y
BBSI;y
BBU;y
BBUS;y
BBVA;y
BBW;y
BBX;y
BBY;y
BC;y
BCBP;y
BCC;y
BCD;y
BCDA;y
BCE;y
BCEI;y
BCEL;y
BCH;y
BCI;y
BCLI;y
BCM;y
BCML;y
BCO;y
BCOM;y
BCOR;y
BCOV;y
BCOW;y
BCPC;y
BCRX;y
BCS;y
BCSF;y
BCTF;y
BCV;y
BCX;y
BCYC;y
BDC;y
BDCS;y
BDCY;y
BDCZ;y
BDEC;y
BDGE;y
BDJ;y
BDL;y
BDN;y
BDR;y
BDRY;y
BDSI;y
BDTX;y
BDX;y
BDXA;y
BE;y
BEAM;y
BEAT;y
BECN;y
BEDU;y
BELFA;y
BELFB;y
BEN;y
BEP;y
BERY;y
BEST;y
BFAM;y
BFC;y
BFEB;y
BFIN;y
BFIT;y
BFK;y
BFO;y
BFOR;y
BFRA;y
BFS;y
BFST;y
BFY;y
BFYT;y
BFZ;y
BG;y
BGB;y
BGCP;y
BGFV;y
BGG;y
BGH;y
BGI;y
BGIO;y
BGNE;y
BGR;y
BGRN;y
BGS;y
BGSF;y
BGT;y
BGX;y
BGY;y
BH;y
BHAT;y
BHB;y
BHC;y
BHE;y
BHF;y
BHFAL;y
BHFAP;y
BHK;y
BHLB;y
BHP;y
BHR;y
BHTG;y
BHV;y
BHVN;y
BIB;y
BIBL;y
BICK;y
BIDU;y
BIF;y
BIG;y
BIIB;y
BIL;y
BILI;y
BILL;y
BIMI;y
BIO;y
BIOC;y
BIOL;y
BIOX;y
BIP;y
BIS;y
BIT;y
BITA;y
BIV;y
BIZD;y
BJ;y
BJAN;y
BJK;y
BJRI;y
BJUL;y
BJUN;y
BK;y
BKCC;y
BKD;y
BKE;y
BKEP;y
BKEPP;y
BKF;y
BKH;y
BKI;y
BKK;y
BKLN;y
BKN;y
BKNG;y
BKR;y
BKSC;y
BKT;y
BKTI;y
BKU;y
BKYI;y
BL;y
BLBD;y
BLCM;y
BLCN;y
BLD;y
BLDP;y
BLDR;y
BLE;y
BLES;y
BLFS;y
BLHY;y
BLIN;y
BLK;y
BLKB;y
BLL;y
BLMN;y
BLNK;y
BLOK;y
BLPH;y
BLRX;y
BLU;y
BLUE;y
BLV;y
BLW;y
BLX;y
BMA;y
BMAR;y
BMCH;y
BME;y
BMEZ;y
BMI;y
BMLP;y
BMO;y
BMRA;y
BMRC;y
BMRN;y
BMTC;y
BMY;y
BND;y
BNDC;y
BNDW;y
BNDX;y
BNED;y
BNFT;y
BNGO;y
BNKD;y
BNKO;y
BNKU;y
BNKZ;y
BNO;y
BNOV;y
BNS;y
BNSO;y
BNTC;y
BNTX;y
BNY;y
BOCH;y
BOCT;y
BOE;y
BOH;y
BOIL;y
BOKF;y
BOKFL;y
BOMN;y
BOND;y
BOOM;y
BOOT;y
BORR;y
BOSC;y
BOSS;y
BOTJ;y
BOTZ;y
BOUT;y
BOX;y
BOXL;y
BP;y
BPFH;y
BPMC;y
BPMP;y
BPMX;y
BPOP;y
BPOPM;y
BPOPN;y
BPRN;y
BPT;y
BPTH;y
BPY;y
BPYPN;y
BPYPO;y
BPYPP;y
BPYU;y
BPYUP;y
BQH;y
BR;y
BRBR;y
BRBS;y
BRC;y
BREW;y
BRF;y
BRFS;y
BRG;y
BRID;y
BRKL;y
BRKR;y
BRKS;y
BRMK;y
BRN;y
BRO;y
BROG;y
BRP;y
BRPA;y
BRPAR;y
BRPAU;y
BRQS;y
BRT;y
BRX;y
BRY;y
BRZU;y
BSA;y
BSAC;y
BSAE;y
BSBE;y
BSBK;y
BSBR;y
BSCE;y
BSCK;y
BSCL;y
BSCM;y
BSCN;y
BSCO;y
BSCP;y
BSCQ;y
BSCR;y
BSCS;y
BSCT;y
BSD;y
BSDE;y
BSE;y
BSEP;y
BSET;y
BSGM;y
BSIG;y
BSJK;y
BSJL;y
BSJM;y
BSJN;y
BSJO;y
BSJP;y
BSJQ;y
BSJR;y
BSL;y
BSM;y
BSML;y
BSMM;y
BSMN;y
BSMO;y
BSMP;y
BSMQ;y
BSMR;y
BSMS;y
BSMT;y
BSMX;y
BSQR;y
BSRR;y
BST;y
BSTC;y
BSTZ;y
BSV;y
BSVN;y
BSX;y
BTA;y
BTAI;y
BTAL;y
BTE;y
BTEC;y
BTG;y
BTI;y
BTN;y
BTO;y
BTT;y
BTU;y
BTYS;y
BTZ;y
BUD;y
BUG;y
BUI;y
BUL;y
BURL;y
BUSE;y
BUY;y
BUYN;y
BUYZ;y
BV;y
BVAL;y
BVN;y
BVSN;y
BVXV;y
BW;y
BWA;y
BWAY;y
BWB;y
BWEN;y
BWFG;y
BWG;y
BWMX;y
BWX;y
BWXT;y
BWZ;y
BX;y
BXC;y
BXG;y
BXMT;y
BXMX;y
BXP;y
BXRX;y
BXS;y
BY;y
BYD;y
BYFC;y
BYLD;y
BYM;y
BYND;y
BYSI;y
BZH;y
BZM;y
BZQ;y
BZUN;y
C;y
CAAP;y
CAAS;y
CABA;y
CABO;y
CAC;y
CACC;y
CACG;y
CACI;y
CADE;y
CAE;y
CAF;y
CAG;y
CAH;y
CAI;y
CAJ;y
CAKE;y
CAL;y
CALA;y
CALB;y
CALF;y
CALM;y
CALX;y
CAMP;y
CAMT;y
CAN;y
CANE;y
CANF;y
CANG;y
CAPE;y
CAPL;y
CAPR;y
CAR;y
CARA;y
CARE;y
CARG;y
CARO;y
CARR.V;y
CARS;y
CARV;y
CARZ;y
CASA;y
CASH;y
CASI;y
CASS;y
CASY;y
CAT;y
CATB;y
CATC;y
CATH;y
CATM;y
CATO;y
CATS;y
CATY;y
CB;y
CBAN;y
CBAT;y
CBAY;y
CBB;y
CBD;y
CBFV;y
CBH;y
CBIO;y
CBL;y
CBLI;y
CBMB;y
CBMG;y
CBNK;y
CBOE;y
CBON;y
CBPO;y
CBRE;y
CBRL;y
CBSH;y
CBSHP;y
CBT;y
CBTX;y
CBU;y
CBZ;y
CC;y
CCAP;y
CCB;y
CCBG;y
CCC;y
CCCL;y
CCD;y
CCEP;y
CCF;y
CCH;y
CCI;y
CCJ;y
CCK;y
CCL;y
CCLP;y
CCM;y
CCMP;y
CCNE;y
CCO;y
CCOI;y
CCOR;y
CCR;y
CCRC;y
CCRN;y
CCS;y
CCU;y
CCX;y
CCXI;y
CCZ;y
CDAY;y
CDC;y
CDE;y
CDEV;y
CDK;y
CDL;y
CDLX;y
CDMO;y
CDMOP;y
CDNA;y
CDNS;y
CDOR;y
CDR;y
CDTX;y
CDW;y
CDXC;y
CDXS;y
CDZI;y
CE;y
CEA;y
CECE;y
CEE;y
CEF;y
CEFS;y
CEI;y
CEIX;y
CEL;y
CELC;y
CELH;y
CELP;y
CEM;y
CEMB;y
CEMI;y
CEN;y
CENT;y
CENTA;y
CENX;y
CEO;y
CEPU;y
CEQP;y
CERC;y
CERN;y
CERS;y
CET;y
CETV;y
CETX;y
CETXP;y
CEV;y
CEVA;y
CEW;y
CEY;y
CEZ;y
CF;y
CFA;y
CFB;y
CFBI;y
CFBK;y
CFFA;y
CFFAU;y
CFFI;y
CFFN;y
CFG;y
CFMS;y
CFO;y
CFR;y
CFRX;y
CFX;y
CFXA;y
CG;y
CGA;y
CGBD;y
CGC;y
CGEN;y
CGIX;y
CGNX;y
CGO;y
CGW;y
CHA;y
CHAD;y
CHAP;y
CHAU;y
CHCI;y
CHCO;y
CHCT;y
CHD;y
CHDN;y
CHE;y
CHEF;y
CHEK;y
CHEP;y
CHFS;y
CHGG;y
CHGX;y
CHH;y
CHI;y
CHIC;y
CHIE;y
CHIH;y
CHII;y
CHIK;y
CHIL;y
CHIM;y
CHIQ;y
CHIR;y
CHIS;y
CHIU;y
CHIX;y
CHK;y
CHKP;y
CHL;y
CHMA;y
CHMG;y
CHMI;y
CHN;y
CHNA;y
CHNG;y
CHNGU;y
CHNR;y
CHPM;y
CHPMU;y
CHRA;y
CHRS;y
CHRW;y
CHS;y
CHSCL;y
CHSCM;y
CHSCN;y
CHSCO;y
CHSCP;y
CHT;y
CHTR;y
CHU;y
CHUY;y
CHW;y
CHWY;y
CHY;y
CI;y
CIA;y
CIB;y
CIBR;y
CID;y
CIDM;y
CIEN;y
CIF;y
CIFS;y
CIG;y
CIGI;y
CIH;y
CII;y
CIIC;y
CIICU;y
CIK;y
CIL;y
CIM;y
CINF;y
CINR;y
CIO;y
CIR;y
CIT;y
CIVB;y
CIX;y
CIZ;y
CIZN;y
CJJD;y
CKH;y
CKPT;y
CKX;y
CL;y
CLAR;y
CLB;y
CLBK;y
CLBS;y
CLCT;y
CLDB;y
CLDR;y
CLDT;y
CLDX;y
CLF;y
CLFD;y
CLGN;y
CLGX;y
CLH;y
CLI;y
CLIR;y
CLIX;y
CLLS;y
CLM;y
CLMT;y
CLNC;y
CLNE;y
CLNY;y
CLOU;y
CLPR;y
CLPS;y
CLPT;y
CLR;y
CLRB;y
CLRG;y
CLRO;y
CLS;y
CLSD;y
CLSK;y
CLSN;y
CLTL;y
CLUB;y
CLVS;y
CLW;y
CLWT;y
CLX;y
CLXT;y
CM;y
CMA;y
CMBM;y
CMBS;y
CMC;y
CMCL;y
CMCM;y
CMCO;y
CMCSA;y
CMCT;y
CMCTP;y
CMD;y
CMDY;y
CME;y
CMF;y
CMG;y
CMI;y
CMLS;y
CMO;y
CMP;y
CMPR;y
CMRE;y
CMRX;y
CMS;y
CMSA;y
CMSC;y
CMSD;y
CMT;y
CMTL;y
CMU;y
CN;y
CNA;y
CNAT;y
CNBKA;y
CNBS;y
CNC;y
CNCE;y
CNCR;y
CNDT;y
CNET;y
CNF;y
CNFR;y
CNFRL;y
CNHI;y
CNI;y
CNK;y
CNMD;y
CNNB;y
CNNE;y
CNO;y
CNOB;y
CNP;y
CNQ;y
CNR;y
CNRG;y
CNS;y
CNSL;y
CNSP;y
CNST;y
CNTG;y
CNTY;y
CNX;y
CNXM;y
CNXN;y
CNXT;y
CNYA;y
CO;y
COCP;y
CODA;y
CODI;y
CODX;y
COE;y
COF;y
COFS;y
COG;y
COHN;y
COHR;y
COHU;y
COKE;y
COLB;y
COLD;y
COLL;y
COLM;y
COM;y
COMB;y
COMM;y
COMT;y
CONE;y
CONN;y
COO;y
COOP;y
COP;y
COPX;y
COR;y
CORE;y
CORN;y
CORP;y
CORR;y
CORT;y
CORV;y
COST;y
COTY;y
COUP;y
COW;y
COWN;y
COWNL;y
COWNZ;y
COWZ;y
CP;y
CPA;y
CPAA;y
CPAAU;y
CPAC;y
CPAH;y
CPB;y
CPE;y
CPER;y
CPF;y
CPG;y
CPHC;y
CPHI;y
CPI;y
CPIX;y
CPK;y
CPLG;y
CPLP;y
CPRI;y
CPRT;y
CPRX;y
CPS;y
CPSH;y
CPSI;y
CPSS;y
CPST;y
CPT;y
CPTA;y
CPTAG;y
CPTAL;y
CPZ;y
CQP;y
CQQQ;y
CR;y
CRAI;y
CRAK;y
CRBN;y
CRBP;y
CRC;y
CREE;y
CREG;y
CRESY;y
CREX;y
CRF;y
CRH;y
CRHM;y
CRI;y
CRIS;y
CRK;y
CRL;y
CRM;y
CRMD;y
CRMT;y
CRNC;y
CRNT;y
CRNX;y
CROC;y
CRON;y
CROP;y
CROX;y
CRS;y
CRSA;y
CRSAU;y
CRSP;y
CRT;y
CRTO;y
CRTX;y
CRUS;y
CRVL;y
CRVS;y
CRWD;y
CRWS;y
CRY;y
CS;y
CSA;y
CSB;y
CSBR;y
CSCO;y
CSD;y
CSF;y
CSFL;y
CSGP;y
CSGS;y
CSII;y
CSIQ;y
CSL;y
CSLT;y
CSM;y
CSML;y
CSOD;y
CSPI;y
CSPR;y
CSQ;y
CSSE;y
CSSEP;y
CSTE;y
CSTL;y
CSTM;y
CSTR;y
CSU;y
CSV;y
CSWC;y
CSWCL;y
CSWI;y
CSX;y
CTAA;y
CTAS;y
CTB;y
CTBB;y
CTBI;y
CTDD;y
CTEK;y
CTG;y
CTHR;y
CTIB;y
CTIC;y
CTK;y
CTL;y
CTLT;y
CTMX;y
CTO;y
CTR;y
CTRA;y
CTRC;y
CTRE;y
CTRM;y
CTRN;y
CTS;y
CTSH;y
CTSO;y
CTT;y
CTV;y
CTVA;y
CTXR;y
CTXS;y
CTY;y
CTZ;y
CUB;y
CUBA;y
CUBB;y
CUBE;y
CUBI;y
CUE;y
CUI;y
CUK;y
CULP;y
CUO;y
CURE;y
CURO;y
CUT;y
CUTR;y
CUZ;y
CVA;y
CVBF;y
CVCO;y
CVCY;y
CVE;y
CVEO;y
CVET;y
CVGI;y
CVGW;y
CVI;y
CVIA;y
CVLT;y
CVLY;y
CVM;y
CVNA;y
CVR;y
CVS;y
CVTI;y
CVU;y
CVV;y
CVX;y
CVY;y
CW;y
CWB;y
CWBC;y
CWBR;y
CWCO;y
CWEB;y
CWEN;y
CWH;y
CWI;y
CWK;y
CWS;y
CWST;y
CWT;y
CX;y
CXDC;y
CXE;y
CXH;y
CXO;y
CXP;y
CXSE;y
CXW;y
CY;y
CYAD;y
CYAN;y
CYB;y
CYBE;y
CYBR;y
CYCC;y
CYCCP;y
CYCN;y
CYD;y
CYH;y
CYOU;y
CYRN;y
CYRX;y
CYTK;y
CZA;y
CZNC;y
CZR;y
CZWI;y
CZZ;y
D;y
DAC;y
DAIO;y
DAKT;y
DAL;y
DALI;y
DALT;y
DAN;y
DAO;y
DAR;y
DARE;y
DAUD;y
DAUG;y
DAVA;y
DAX;y
DB;y
DBA;y
DBAW;y
DBB;y
DBC;y
DBD;y
DBE;y
DBEF;y
DBEH;y
DBEM;y
DBEU;y
DBEZ;y
DBGR;y
DBI;y
DBJP;y
DBL;y
DBLV;y
DBMF;y
DBO;y
DBP;y
DBS;y
DBV;y
DBVT;y
DBX;y
DCAR;y
DCF;y
DCHF;y
DCI;y
DCO;y
DCOM;y
DCOMP;y
DCP;y
DCPH;y
DCUE;y
DD;y
DDD;y
DDF;y
DDG;y
DDIV;y
DDLS;y
DDM;y
DDOG;y
DDS;y
DDT;y
DDWM;y
DE;y
DEA;y
DEAC;y
DEACU;y
DECK;y
DEEF;y
DEF;y
DEFA;y
DEI;y
DELL;y
DEM;y
DENN;y
DEO;y
DES;y
DESP;y
DEUR;y
DEUS;y
DEW;y
DEX;y
DFE;y
DFEB;y
DFEN;y
DFFN;y
DFIN;y
DFJ;y
DFND;y
DFNL;y
DFNS;y
DFP;y
DFS;y
DFVL;y
DFVS;y
DG;y
DGAZ;y
DGBP;y
DGICA;y
DGICB;y
DGII;y
DGL;y
DGLD;y
DGLY;y
DGP;y
DGRE;y
DGRO;y
DGRS;y
DGRW;y
DGS;y
DGT;y
DGX;y
DGZ;y
DHC;y
DHCNI;y
DHF;y
DHI;y
DHIL;y
DHR;y
DHS;y
DHT;y
DHX;y
DHY;y
DIA;y
DIAL;y
DIAX;y
DIET;y
DIG;y
DIM;y
DIN;y
DINT;y
DIOD;y
DIS;y
DISCA;y
DISCB;y
DISCK;y
DISH;y
DIT;y
DIV;y
DIVA;y
DIVB;y
DIVC;y
DIVO;y
DIVY;y
DJCB;y
DJCI;y
DJCO;y
DJD;y
DJP;y
DJPY;y
DK;y
DKL;y
DKS;y
DL;y
DLA;y
DLB;y
DLBR;y
DLHC;y
DLN;y
DLNG;y
DLPH;y
DLPN;y
DLR;y
DLS;y
DLTH;y
DLTR;y
DLX;y
DLY;y
DMAC;y
DMB;y
DMDV;y
DMF;y
DMLP;y
DMO;y
DMPI;y
DMRC;y
DMRE;y
DMRI;y
DMRL;y
DMRM;y
DMRS;y
DMTK;y
DNI;y
DNJR;y
DNK;y
DNKN;y
DNL;y
DNLI;y
DNN;y
DNOV;y
DNOW;y
DNP;y
DNR;y
DO;y
DOC;y
DOCU;y
DOG;y
DOGS;y
DOGZ;y
DOL;y
DOMO;y
DON;y
DOO;y
DOOO;y
DOOR;y
DORM;y
DOV;y
DOW;y
DOX;y
DOYU;y
DPG;y
DPHC;y
DPHCU;y
DPST;y
DPW;y
DPZ;y
DQ;y
DRAD;y
DRADP;y
DRD;y
DRE;y
DRH;y
DRI;y
DRIO;y
DRIP;y
DRIV;y
DRN;y
DRNA;y
DRQ;y
DRR;y
DRRX;y
DRSK;y
DRTT;y
DRUA;y
DRV;y
DRW;y
DS;y
DSE;y
DSGX;y
DSI;y
DSKE;y
DSL;y
DSLV;y
DSM;y
DSPG;y
DSS;y
DSSI;y
DSTL;y
DSU;y
DSWL;y
DSX;y
DT;y
DTD;y
DTE;y
DTEA;y
DTEC;y
DTF;y
DTH;y
DTIL;y
DTJ;y
DTN;y
DTO;y
DTP;y
DTQ;y
DTSS;y
DTUL;y
DTUS;y
DTW;y
DTY;y
DTYL;y
DUC;y
DUG;y
DUK;y
DUKB;y
DUKH;y
DUO;y
DUOT;y
DURA;y
DUSA;y
DUSL;y
DUST;y
DVA;y
DVAX;y
DVD;y
DVLU;y
DVN;y
DVOL;y
DVOP;y
DVP;y
DVY;y
DVYA;y
DVYE;y
DWAS;y
DWAT;y
DWAW;y
DWCR;y
DWEQ;y
DWFI;y
DWLD;y
DWM;y
DWMC;y
DWMF;y
DWPP;y
DWSH;y
DWSN;y
DWT;y
DWUS;y
DWX;y
DX;y
DXB;y
DXC;y
DXCM;y
DXD;y
DXF;y
DXGE;y
DXJ;y
DXJS;y
DXLG;y
DXPE;y
DXR;y
DXYN;y
DY;y
DYAI;y
DYLS;y
DYNF;y
DYNT;y
DZK;y
DZSI;y
DZZ;y
E;y
EA;y
EAB;y
EAD;y
EAE;y
EAF;y
EAGG;y
EAI;y
EARN;y
EARS;y
EASG;y
EASI;y
EAST;y
EAT;y
EB;y
EBAY;y
EBAYL;y
EBF;y
EBIX;y
EBIZ;y
EBMT;y
EBND;y
EBR;y
EBS;y
EBSB;y
EBTC;y
EC;y
ECC;y
ECCB;y
ECCX;y
ECCY;y
ECF;y
ECH;y
ECHO;y
ECL;y
ECLN;y
ECNS;y
ECOL;y
ECOM;y
ECON;y
ECOR;y
ECOW;y
ECOZ;y
ECPG;y
ECT;y
ED;y
EDAP;y
EDC;y
EDD;y
EDEN;y
EDF;y
EDI;y
EDIT;y
EDIV;y
EDN;y
EDNT;y
EDOG;y
EDOW;y
EDRY;y
EDSA;y
EDU;y
EDUC;y
EDV;y
EDZ;y
EE;y
EEA;y
EEFT;y
EEH;y
EELV;y
EEM;y
EEMA;y
EEMD;y
EEMO;y
EEMS;y
EEMV;y
EEMX;y
EES;y
EET;y
EEV;y
EEX;y
EFA;y
EFAD;y
EFAS;y
EFAV;y
EFAX;y
EFC;y
EFF;y
EFG;y
EFL;y
EFNL;y
EFO;y
EFOI;y
EFR;y
EFSC;y
EFT;y
EFU;y
EFV;y
EFX;y
EFZ;y
EGAN;y
EGBN;y
EGF;y
EGHT;y
EGIF;y
EGLE;y
EGO;y
EGOV;y
EGP;y
EGPT;y
EGRX;y
EGY;y
EH;y
EHC;y
EHI;y
EHT;y
EHTH;y
EIC;y
EIDO;y
EIDX;y
EIG;y
EIGI;y
EIGR;y
EIM;y
EINC;y
EIRL;y
EIS;y
EIX;y
EJAN;y
EJUL;y
EKAR;y
EKSO;y
EL;y
ELA;y
ELAN;y
ELAT;y
ELC;y
ELD;y
ELF;y
ELGX;y
ELJ;y
ELLO;y
ELMD;y
ELOX;y
ELP;y
ELS;y
ELSE;y
ELTK;y
ELU;y
ELVT;y
ELY;y
EMAG;y
EMAN;y
EMB;y
EMBH;y
EMCB;y
EMCF;y
EMCG;y
EMD;y
EMDV;y
EME;y
EMF;y
EMFM;y
EMGF;y
EMHY;y
EMIF;y
EMIH;y
EMKR;y
EML;y
EMLC;y
EMLP;y
EMMF;y
EMMS;y
EMN;y
EMNT;y
EMO;y
EMP;y
EMQQ;y
EMR;y
EMSG;y
EMSH;y
EMTL;y
EMTY;y
EMX;y
EMXC;y
ENB;y
ENBA;y
ENBL;y
ENDP;y
ENFR;y
ENG;y
ENIA;y
ENIC;y
ENJ;y
ENLC;y
ENLV;y
ENO;y
ENOB;y
ENOR;y
ENPH;y
ENR;y
ENS;y
ENSG;y
ENSV;y
ENT;y
ENTA;y
ENTG;y
ENTR;y
ENTX;y
ENV;y
ENVA;y
ENX;y
ENZ;y
ENZL;y
EOD;y
EOG;y
EOI;y
EOLS;y
EOS;y
EOT;y
EPAC;y
EPAM;y
EPAY;y
EPC;y
EPD;y
EPHE;y
EPI;y
EPIX;y
EPM;y
EPOL;y
EPP;y
EPR;y
EPRF;y
EPRT;y
EPS;y
EPSN;y
EPU;y
EPV;y
EPZM;y
EQ;y
EQAL;y
EQBK;y
EQC;y
EQH;y
EQIX;y
EQL;y
EQM;y
EQNR;y
EQR;y
EQRR;y
EQS;y
EQT;y
EQWL;y
EQX;y
ERA;y
ERC;y
ERF;y
ERH;y
ERI;y
ERIC;y
ERIE;y
ERII;y
ERJ;y
ERM;y
EROS;y
ERSX;y
ERUS;y
ERX;y
ERY;y
ERYP;y
ES;y
ESBA;y
ESBK;y
ESCA;y
ESE;y
ESEA;y
ESG;y
ESGD;y
ESGE;y
ESGG;y
ESGN;y
ESGR;y
ESGRO;y
ESGRP;y
ESGS;y
ESGU;y
ESGV;y
ESI;y
ESLT;y
ESML;y
ESNG;y
ESNT;y
ESP;y
ESPO;y
ESPR;y
ESQ;y
ESRT;y
ESS;y
ESSA;y
ESSC;y
ESSCU;y
ESTA;y
ESTC;y
ESTE;y
ESXB;y
ET;y
ETB;y
ETFC;y
ETG;y
ETH;y
ETHO;y
ETJ;y
ETM;y
ETN;y
ETNB;y
ETO;y
ETON;y
ETR;y
ETRN;y
ETSY;y
ETTX;y
ETV;y
ETW;y
ETX;y
ETY;y
EUDG;y
EUDV;y
EUFN;y
EUFX;y
EUM;y
EUMF;y
EUMV;y
EUO;y
EURL;y
EURN;y
EURZ;y
EUSA;y
EUSC;y
EV;y
EVA;y
EVBG;y
EVBN;y
EVC;y
EVER;y
EVF;y
EVFM;y
EVG;y
EVGBC;y
EVGN;y
EVH;y
EVI;y
EVIX;y
EVK;y
EVLMC;y
EVLO;y
EVM;y
EVN;y
EVOK;y
EVOL;y
EVOP;y
EVR;y
EVRG;y
EVRI;y
EVSI;y
EVSTC;y
EVT;y
EVTC;y
EVV;y
EVX;y
EVY;y
EW;y
EWA;y
EWBC;y
EWC;y
EWCO;y
EWD;y
EWG;y
EWGS;y
EWH;y
EWI;y
EWJ;y
EWJE;y
EWJV;y
EWK;y
EWL;y
EWM;y
EWMC;y
EWN;y
EWO;y
EWP;y
EWQ;y
EWRE;y
EWS;y
EWSC;y
EWT;y
EWU;y
EWUS;y
EWV;y
EWW;y
EWX;y
EWY;y
EWZ;y
EWZS;y
EXAS;y
EXC;y
EXD;y
EXEL;y
EXFO;y
EXG;y
EXI;y
EXIV;y
EXK;y
EXLS;y
EXP;y
EXPC;y
EXPCU;y
EXPD;y
EXPE;y
EXPI;y
EXPO;y
EXPR;y
EXR;y
EXTN;y
EXTR;y
EYE;y
EYEG;y
EYEN;y
EYES;y
EYLD;y
EYPT;y
EZA;y
EZJ;y
EZM;y
EZPW;y
EZT;y
EZU;y
F;y
FAAR;y
FAB;y
FAD;y
FAF;y
FALN;y
FAM;y
FAMI;y
FAN;y
FANG;y
FANH;y
FARM;y
FARO;y
FAS;y
FAST;y
FAT;y
FATE;y
FAUG;y
FAUS;y
FAX;y
FAZ;y
FB;y
FBC;y
FBGX;y
FBHS;y
FBIO;y
FBIOP;y
FBIZ;y
FBK;y
FBM;y
FBMS;y
FBNC;y
FBND;y
FBP;y
FBSS;y
FBT;y
FBZ;y
FC;y
FCA;y
FCAL;y
FCAN;y
FCAP;y
FCAU;y
FCBC;y
FCBP;y
FCCO;y
FCCY;y
FCEF;y
FCEL;y
FCF;y
FCFS;y
FCG;y
FCN;y
FCNCA;y
FCNCP;y
FCO;y
FCOM;y
FCOR;y
FCPI;y
FCPT;y
FCT;y
FCTR;y
FCVT;y
FCX;y
FDBC;y
FDD;y
FDEF;y
FDEM;y
FDEU;y
FDEV;y
FDG;y
FDHY;y
FDIS;y
FDIV;y
FDL;y
FDLO;y
FDM;y
FDMO;y
FDN;y
FDNI;y
FDP;y
FDRR;y
FDS;y
FDT;y
FDTS;y
FDUS;y
FDUSG;y
FDUSZ;y
FDVV;y
FDX;y
FE;y
FEDU;y
FEI;y
FEIM;y
FELE;y
FEM;y
FEMB;y
FEMS;y
FEN;y
FENC;y
FENG;y
FENY;y
FEO;y
FEP;y
FET;y
FEUL;y
FEUZ;y
FEX;y
FEYE;y
FEZ;y
FF;y
FFA;y
FFBC;y
FFBW;y
FFC;y
FFEB;y
FFEU;y
FFG;y
FFHG;y
FFHL;y
FFIC;y
FFIN;y
FFIU;y
FFIV;y
FFNW;y
FFR;y
FFSG;y
FFTG;y
FFTI;y
FFTY;y
FFWM;y
FG;y
FGB;y
FGBI;y
FGD;y
FGEN;y
FGM;y
FHB;y
FHI;y
FHK;y
FHLC;y
FHN;y
FI;y
FIBK;y
FIBR;y
FICO;y
FID;y
FIDI;y
FIDU;y
FIEE;y
FIF;y
FIHD;y
FILL;y
FINS;y
FINV;y
FINX;y
FIS;y
FISI;y
FISK;y
FISR;y
FISV;y
FIT;y
FITB;y
FITBI;y
FITBO;y
FITBP;y
FITE;y
FIV;y
FIVA;y
FIVE;y
FIVG;y
FIVN;y
FIW;y
FIX;y
FIXD;y
FIXX;y
FIYY;y
FIZZ;y
FJNK;y
FJP;y
FKO;y
FKU;y
FL;y
FLAG;y
FLAT;y
FLAU;y
FLAX;y
FLBL;y
FLBR;y
FLC;y
FLCA;y
FLCB;y
FLCH;y
FLCO;y
FLDM;y
FLDR;y
FLEE;y
FLEH;y
FLEU;y
FLEX;y
FLFR;y
FLGB;y
FLGE;y
FLGR;y
FLGT;y
FLHK;y
FLHY;y
FLIA;y
FLIC;y
FLIN;y
FLIR;y
FLIY;y
FLJH;y
FLJP;y
FLKR;y
FLL;y
FLLA;y
FLLV;y
FLM;y
FLMB;y
FLMI;y
FLMN;y
FLMX;y
FLN;y
FLNG;y
FLNT;y
FLO;y
FLOT;y
FLOW;y
FLQD;y
FLQE;y
FLQG;y
FLQH;y
FLQL;y
FLQM;y
FLQS;y
FLR;y
FLRN;y
FLRT;y
FLRU;y
FLS;y
FLSA;y
FLSP;y
FLSW;y
FLT;y
FLTB;y
FLTR;y
FLTW;y
FLWS;y
FLXN;y
FLXS;y
FLY;y
FLYT;y
FLZA;y
FM;y
FMAO;y
FMAT;y
FMB;y
FMBH;y
FMBI;y
FMC;y
FMCI;y
FMCIU;y
FMF;y
FMHI;y
FMK;y
FMN;y
FMNB;y
FMO;y
FMS;y
FMX;y
FMY;y
FN;y
FNB;y
FNCB;y
FNCL;y
FND;y
FNDA;y
FNDB;y
FNDC;y
FNDE;y
FNDF;y
FNDX;y
FNF;y
FNGD;y
FNGO;y
FNGS;y
FNGU;y
FNGZ;y
FNHC;y
FNI;y
FNJN;y
FNK;y
FNKO;y
FNLC;y
FNOV;y
FNV;y
FNWB;y
FNX;y
FNY;y
FOCS;y
FOE;y
FOF;y
FOLD;y
FONR;y
FOR;y
FORD;y
FORK;y
FORM;y
FORR;y
FORTY;y
FOSL;y
FOVL;y
FOX;y
FOXA;y
FOXF;y
FPA;y
FPAC;y
FPAY;y
FPE;y
FPEI;y
FPF;y
FPH;y
FPI;y
FPL;y
FPRX;y
FPX;y
FPXE;y
FPXI;y
FQAL;y
FR;y
FRA;y
FRAF;y
FRAK;y
FRAN;y
FRBA;y
FRBK;y
FRC;y
FRD;y
FRDM;y
FREL;y
FREQ;y
FRG;y
FRGI;y
FRHC;y
FRI;y
FRLG;y
FRME;y
FRO;y
FRPH;y
FRPT;y
FRSX;y
FRT;y
FRTA;y
FSB;y
FSBC;y
FSBW;y
FSCT;y
FSD;y
FSEA;y
FSFG;y
FSI;y
FSK;y
FSLR;y
FSLY;y
FSM;y
FSMB;y
FSMD;y
FSP;y
FSRV;y
FSRVU;y
FSS;y
FSTA;y
FSTR;y
FSV;y
FSZ;y
FT;y
FTA;y
FTAC;y
FTACU;y
FTAG;y
FTAI;y
FTC;y
FTCH;y
FTCS;y
FTDR;y
FTEC;y
FTEK;y
FTF;y
FTFT;y
FTGC;y
FTHI;y
FTI;y
FTK;y
FTLB;y
FTLS;y
FTNT;y
FTR;y
FTRI;y
FTS;y
FTSD;y
FTSI;y
FTSL;y
FTSM;y
FTSV;y
FTV;y
FTXD;y
FTXG;y
FTXH;y
FTXL;y
FTXN;y
FTXO;y
FTXR;y
FUD;y
FUE;y
FUL;y
FULC;y
FULT;y
FUMB;y
FUN;y
FUNC;y
FUND;y
FUSB;y
FUT;y
FUTU;y
FUTY;y
FUV;y
FV;y
FVAL;y
FVC;y
FVCB;y
FVD;y
FVE;y
FVL;y
FVRR;y
FWDB;y
FWONA;y
FWONK;y
FWP;y
FWRD;y
FXA;y
FXB;y
FXC;y
FXD;y
FXE;y
FXF;y
FXG;y
FXH;y
FXI;y
FXL;y
FXN;y
FXNC;y
FXO;y
FXP;y
FXR;y
FXU;y
FXY;y
FXZ;y
FYC;y
FYLD;y
FYT;y
FYX;y
G;y
GAA;y
GAB;y
GABC;y
GAIA;y
GAIN;y
GAINL;y
GAINM;y
GAL;y
GALT;y
GAM;y
GAMR;y
GARS;y
GASS;y
GATX;y
GAZ;y
GBAB;y
GBCI;y
GBDC;y
GBDV;y
GBF;y
GBIL;y
GBL;y
GBLI;y
GBLIZ;y
GBR;y
GBT;y
GBUG;y
GBUY;y
GBX;y
GCAP;y
GCBC;y
GCC;y
GCE;y
GCI;y
GCO;y
GCOW;y
GCP;y
GCV;y
GD;y
GDAT;y
GDDY;y
GDEN;y
GDL;y
GDMA;y
GDNA;y
GDO;y
GDOT;y
GDP;y
GDS;y
GDV;y
GDVD;y
GDX;y
GDXJ;y
GDYN;y
GE;y
GEC;y
GECC;y
GECCN;y
GEF;y
GEL;y
GEM;y
GEN;y
GENC;y
GENE;y
GENY;y
GEO;y
GEOS;y
GER;y
GERN;y
GES;y
GEVO;y
GF;y
GFED;y
GFF;y
GFI;y
GFIN;y
GFL;y
GFLU;y
GFN;y
GFNCP;y
GFY;y
GGAL;y
GGB;y
GGG;y
GGM;y
GGN;y
GGO;y
GGT;y
GGZ;y
GH;y
GHC;y
GHG;y
GHIV;y
GHIVU;y
GHL;y
GHM;y
GHSI;y
GHY;y
GHYB;y
GHYG;y
GIB;y
GIFI;y
GIGB;y
GIGE;y
GIGM;y
GII;y
GIII;y
GIL;y
GILD;y
GILT;y
GIM;y
GIS;y
GIX;y
GJH;y
GJO;y
GJP;y
GJR;y
GJS;y
GJT;y
GKOS;y
GL;y
GLAD;y
GLADD;y
GLADL;y
GLBS;y
GLBY;y
GLBZ;y
GLD;y
GLDD;y
GLDI;y
GLDM;y
GLEO;y
GLG;y
GLIBA;y
GLIBP;y
GLIF;y
GLL;y
GLMD;y
GLNG;y
GLO;y
GLOB;y
GLOG;y
GLOP;y
GLP;y
GLPG;y
GLPI;y
GLQ;y
GLRE;y
GLT;y
GLTR;y
GLU;y
GLUU;y
GLV;y
GLW;y
GLYC;y
GM;y
GMAB;y
GMAN;y
GMDA;y
GME;y
GMED;y
GMF;y
GMHI;y
GMHIU;y
GMLP;y
GMLPP;y
GMO;y
GMOM;y
GMRE;y
GMS;y
GMTA;y
GMZ;y
GNAF;y
GNC;y
GNCA;y
GNE;y
GNFT;y
GNK;y
GNL;y
GNLN;y
GNMA;y
GNMK;y
GNOM;y
GNPX;y
GNR;y
GNRC;y
GNRSU;y
GNSS;y
GNT;y
GNTX;y
GNTY;y
GNUS;y
GNW;y
GO;y
GOAT;y
GOAU;y
GOEX;y
GOF;y
GOGL;y
GOGO;y
GOL;y
GOLD;y
GOLF;y
GOOD;y
GOODM;y
GOODN;y
GOOG;y
GOOGL;y
GOOS;y
GORO;y
GOSS;y
GOVT;y
GPAQ;y
GPAQU;y
GPC;y
GPI;y
GPJA;y
GPK;y
GPL;y
GPM;y
GPMT;y
GPN;y
GPOR;y
GPP;y
GPRE;y
GPRK;y
GPRO;y
GPS;y
GPX;y
GQRE;y
GRA;y
GRAF;y
GRAM;y
GRBK;y
GRC;y
GREK;y
GRES;y
GRF;y
GRFS;y
GRID;y
GRIF;y
GRIL;y
GRIN;y
GRMN;y
GRN;y
GRNB;y
GRNQ;y
GRNV;y
GRNVU;y
GROW;y
GRPN;y
GRTS;y
GRTX;y
GRU;y
GRUB;y
GRVY;y
GRWG;y
GRX;y
GS;y
GSAT;y
GSB;y
GSBC;y
GSBD;y
GSC;y
GSEU;y
GSEW;y
GSG;y
GSH;y
GSHD;y
GSIE;y
GSIT;y
GSJY;y
GSK;y
GSKY;y
GSL;y
GSLC;y
GSLD;y
GSM;y
GSMG;y
GSP;y
GSS;y
GSSC;y
GSST;y
GSUM;y
GSV;y
GSX;y
GSY;y
GT;y
GTE;y
GTEC;y
GTES;y
GTHX;y
GTIM;y
GTIP;y
GTLS;y
GTN;y
GTO;y
GTS;y
GTT;y
GTX;y
GTY;y
GTYH;y
GUDB;y
GULF;y
GUNR;y
GURE;y
GURU;y
GUSH;y
GUT;y
GV;y
GVA;y
GVAL;y
GVI;y
GVIP;y
GVP;y
GWB;y
GWGH;y
GWPH;y
GWRE;y
GWRS;y
GWW;y
GWX;y
GXC;y
GXF;y
GXG;y
GXGX;y
GXGXU;y
GXTG;y
GYC;y
GYLD;y
GYRO;y
H;y
HA;y
HACK;y
HAE;y
HAFC;y
HAIL;y
HAIN;y
HAL;y
HALL;y
HALO;y
HAP;y
HAPP;y
HARP;y
HAS;y
HASI;y
HAUD;y
HAUZ;y
HAWX;y
HAYN;y
HBAN;y
HBANN;y
HBANO;y
HBB;y
HBCP;y
HBI;y
HBIO;y
HBM;y
HBMD;y
HBNC;y
HBP;y
HBT;y
HCA;y
HCAC;y
HCACU;y
HCAP;y
HCAT;y
HCC;y
HCCH;y
HCCHU;y
HCCI;y
HCCO;y
HCCOU;y
HCFT;y
HCHC;y
HCI;y
HCKT;y
HCM;y
HCR;y
HCRB;y
HCSG;y
HCXY;y
HCXZ;y
HD;y
HDAW;y
HDB;y
HDEF;y
HDG;y
HDGE;y
HDIV;y
HDLB;y
HDMV;y
HDS;y
HDSN;y
HDV;y
HE;y
HEAR;y
HEBT;y
HECO;y
HEDJ;y
HEEM;y
HEES;y
HEFA;y
HEI;y
HELE;y
HELX;y
HEP;y
HEPA;y
HEQ;y
HERD;y
HERO;y
HES;y
HESM;y
HEWC;y
HEWG;y
HEWI;y
HEWJ;y
HEWL;y
HEWP;y
HEWU;y
HEWW;y
HEWY;y
HEXO;y
HEZU;y
HFBL;y
HFC;y
HFFG;y
HFRO;y
HFWA;y
HFXE;y
HFXI;y
HFXJ;y
HGH;y
HGLB;y
HGSH;y
HGV;y
HHC;y
HHHH;y
HHHHU;y
HHR;y
HHS;y
HHT;y
HI;y
HIBB;y
HIBL;y
HIBS;y
HIE;y
HIFS;y
HIG;y
HIHO;y
HII;y
HIL;y
HIMX;y
HIO;y
HIPS;y
HIW;y
HIX;y
HJLI;y
HJLIW;y
HJPX;y
HJV;y
HKIB;y
HL;y
HLAL;y
HLF;y
HLG;y
HLI;y
HLIO;y
HLIT;y
HLNE;y
HLT;y
HLX;y
HMC;y
HMG;y
HMHC;y
HMI;y
HMLP;y
HMN;y
HMNF;y
HMOP;y
HMST;y
HMSY;y
HMTV;y
HMY;y
HNDL;y
HNGR;y
HNI;y
HNNA;y
HNP;y
HNRG;y
HNW;y
HOFT;y
HOG;y
HOLD;y
HOLI;y
HOLX;y
HOMB;y
HOME;y
HOMZ;y
HON;y
HONE;y
HOOK;y
HOPE;y
HOTH;y
HOV;y
HOVNP;y
HP;y
HPE;y
HPF;y
HPI;y
HPP;y
HPQ;y
HPR;y
HPS;y
HQH;y
HQI;y
HQL;y
HQY;y
HR;y
HRB;y
HRC;y
HRI;y
HRL;y
HROW;y
HRTG;y
HRTX;y
HRZN;y
HSBC;y
HSC;y
HSCZ;y
HSDT;y
HSIC;y
HSII;y
HSKA;y
HSON;y
HSPX;y
HSRT;y
HST;y
HSTM;y
HSY;y
HT;y
HTA;y
HTAB;y
HTBI;y
HTBK;y
HTBX;y
HTD;y
HTEC;y
HTFA;y
HTGC;y
HTGM;y
HTH;y
HTHT;y
HTIA;y
HTLD;y
HTLF;y
HTRB;y
HTUS;y
HTY;y
HTZ;y
HUBB;y
HUBG;y
HUBS;y
HUD;y
HUGE;y
HUIZ;y
HUM;y
HUN;y
HURC;y
HURN;y
HUSA;y
HUSE;y
HUSV;y
HUYA;y
HVBC;y
HVT;y
HWBK;y
HWC;y
HWCC;y
HWCPL;y
HWKN;y
HX;y
HXL;y
HY;y
HYAC;y
HYACU;y
HYB;y
HYD;y
HYDB;y
HYDW;y
HYEM;y
HYG;y
HYGH;y
HYGV;y
HYHG;y
HYI;y
HYIH;y
HYLB;y
HYLD;y
HYLS;y
HYLV;y
HYMB;y
HYND;y
HYRE;y
HYS;y
HYT;y
HYTR;y
HYUP;y
HYXE;y
HYXU;y
HYZD;y
HZN;y
HZNP;y
HZO;y
I;y
IAA;y
IAC;y
IAE;y
IAF;y
IAG;y
IAGG;y
IAI;y
IAK;y
IART;y
IAT;y
IAU;y
IAUF;y
IBA;y
IBB;y
IBCE;y
IBCP;y
IBD;y
IBDD;y
IBDL;y
IBDM;y
IBDN;y
IBDO;y
IBDP;y
IBDQ;y
IBDR;y
IBDS;y
IBDT;y
IBDU;y
IBHA;y
IBHB;y
IBHC;y
IBHD;y
IBHE;y
IBIO;y
IBKC;y
IBKCN;y
IBKCO;y
IBKCP;y
IBKR;y
IBM;y
IBMI;y
IBMJ;y
IBMK;y
IBML;y
IBMM;y
IBMN;y
IBMO;y
IBMP;y
IBMQ;y
IBN;y
IBND;y
IBOC;y
IBP;y
IBTE;y
IBTF;y
IBTG;y
IBTH;y
IBTI;y
IBTJ;y
IBTX;y
IBUY;y
ICAD;y
ICBK;y
ICCC;y
ICCH;y
ICD;y
ICE;y
ICF;y
ICFI;y
ICHR;y
ICL;y
ICLK;y
ICLN;y
ICLR;y
ICMB;y
ICOL;y
ICON;y
ICOW;y
ICPT;y
ICSH;y
ICUI;y
ICVT;y
IDA;y
IDCC;y
IDE;y
IDEV;y
IDEX;y
IDHD;y
IDHQ;y
IDIV;y
IDLB;y
IDLV;y
IDMO;y
IDN;y
IDNA;y
IDOG;y
IDRA;y
IDRV;y
IDT;y
IDU;y
IDV;y
IDX;y
IDXG;y
IDXX;y
IDY;y
IDYA;y
IEA;y
IEC;y
IECS;y
IEDI;y
IEF;y
IEFA;y
IEFN;y
IEHS;y
IEI;y
IEIH;y
IEME;y
IEMG;y
IEO;y
IEP;y
IESC;y
IETC;y
IEUR;y
IEUS;y
IEV;y
IEX;y
IEZ;y
IFEU;y
IFF;y
IFFT;y
IFGL;y
IFLY;y
IFMK;y
IFN;y
IFRA;y
IFRX;y
IFS;y
IFV;y
IG;y
IGA;y
IGBH;y
IGC;y
IGD;y
IGE;y
IGEB;y
IGF;y
IGHG;y
IGI;y
IGIB;y
IGIC;y
IGIH;y
IGLB;y
IGM;y
IGMS;y
IGN;y
IGOV;y
IGR;y
IGRO;y
IGSB;y
IGT;y
IGV;y
IHAK;y
IHC;y
IHD;y
IHDG;y
IHE;y
IHF;y
IHG;y
IHI;y
IHIT;y
IHRT;y
IHT;y
IHTA;y
IHY;y
IID;y
IIF;y
IIGD;y
IIGV;y
III;y
IIIN;y
IIIV;y
IIM;y
IIN;y
IIPR;y
IIVI;y
IJAN;y
IJH;y
IJJ;y
IJK;y
IJR;y
IJS;y
IJT;y
IJUL;y
IKNX;y
ILF;y
ILMN;y
ILPT;y
ILTB;y
IMAB;y
IMAC;y
IMAX;y
IMBI;y
IMGN;y
IMH;y
IMKTA;y
IMLP;y
IMMP;y
IMMR;y
IMMU;y
IMO;y
IMOM;y
IMOS;y
IMRA;y
IMRN;y
IMTB;y
IMTE;y
IMTM;y
IMUX;y
IMV;y
IMVT;y
IMVTU;y
IMXI;y
INBK;y
INBKL;y
INBKZ;y
INCO;y
INCY;y
INDA;y
INDB;y
INDL;y
INDO;y
INDS;y
INDY;y
INFI;y
INFN;y
INFO;y
INFR;y
INFU;y
INFY;y
ING;y
INGN;y
INGR;y
INKM;y
INMB;y
INMD;y
INN;y
INNT;y
INO;y
INOD;y
INOV;y
INPX;y
INS;y
INSE;y
INSG;y
INSI;y
INSM;y
INSP;y
INSU;y
INSUU;y
INSW;y
INT;y
INTC;y
INTF;y
INTG;y
INTL;y
INTT;y
INTU;y
INUV;y
INVA;y
INVE;y
INVH;y
INWK;y
IO;y
IONS;y
IOO;y
IOR;y
IOSP;y
IOTS;y
IOVA;y
IP;y
IPAC;y
IPAR;y
IPAY;y
IPB;y
IPDN;y
IPFF;y
IPG;y
IPGP;y
IPHA;y
IPHI;y
IPI;y
IPKW;y
IPLDP;y
IPO;y
IPOS;y
IPV;y
IPWR;y
IQ;y
IQDE;y
IQDF;y
IQDG;y
IQDY;y
IQI;y
IQIN;y
IQLT;y
IQM;y
IQSI;y
IQSU;y
IQV;y
IR;y
IRBO;y
IRBT;y
IRCP;y
IRDM;y
IRET;y
IRIX;y
IRL;y
IRM;y
IRMD;y
IROQ;y
IRR;y
IRS;y
IRT;y
IRTC;y
IRWD;y
ISBC;y
ISCF;y
ISD;y
ISDR;y
ISDS;y
ISDX;y
ISEE;y
ISEM;y
ISHG;y
ISIG;y
ISMD;y
ISNS;y
ISR;y
ISRA;y
ISRG;y
ISSC;y
ISTB;y
ISTR;y
ISZE;y
IT;y
ITA;y
ITB;y
ITCB;y
ITCI;y
ITEQ;y
ITGR;y
ITI;y
ITIC;y
ITM;y
ITMR;y
ITOT;y
ITP;y
ITRI;y
ITRM;y
ITRN;y
ITT;y
ITUB;y
ITW;y
IUS;y
IUSB;y
IUSG;y
IUSS;y
IUSV;y
IVAC;y
IVAL;y
IVC;y
IVE;y
IVH;y
IVLU;y
IVOG;y
IVOL;y
IVOO;y
IVOV;y
IVR;y
IVV;y
IVW;y
IVZ;y
IWB;y
IWC;y
IWD;y
IWF;y
IWL;y
IWM;y
IWN;y
IWO;y
IWP;y
IWR;y
IWS;y
IWV;y
IWX;y
IWY;y
IX;y
IXC;y
IXG;y
IXJ;y
IXN;y
IXP;y
IXSE;y
IXUS;y
IYC;y
IYE;y
IYF;y
IYG;y
IYH;y
IYJ;y
IYK;y
IYLD;y
IYM;y
IYR;y
IYT;y
IYW;y
IYY;y
IYZ;y
IZEA;y
IZRL;y
J;y
JACK;y
JAGG;y
JAGX;y
JAKK;y
JAN;y
JAX;y
JAZZ;y
JBGS;y
JBHT;y
JBK;y
JBL;y
JBLU;y
JBN;y
JBR;y
JBSS;y
JBT;y
JCAP;y
JCE;y
JCI;y
JCO;y
JCOM;y
JCP;y
JCPB;y
JCS;y
JCTCF;y
JD;y
JDD;y
JDIV;y
JDST;y
JE;y
JEF;y
JELD;y
JEMD;y
JEQ;y
JETS;y
JFIN;y
JFK;y
JFKKU;y
JFR;y
JFU;y
JG;y
JGH;y
JHAA;y
JHB;y
JHCS;y
JHEM;y
JHG;y
JHI;y
JHMA;y
JHMC;y
JHMD;y
JHME;y
JHMF;y
JHMH;y
JHMI;y
JHML;y
JHMM;y
JHMS;y
JHMT;y
JHMU;y
JHS;y
JHSC;y
JHX;y
JHY;y
JIGB;y
JIH;y
JILL;y
JJA;y
JJC;y
JJE;y
JJG;y
JJM;y
JJN;y
JJP;y
JJS;y
JJSF;y
JJT;y
JJU;y
JKD;y
JKE;y
JKF;y
JKG;y
JKH;y
JKHY;y
JKI;y
JKJ;y
JKK;y
JKL;y
JKS;y
JLL;y
JLS;y
JMBS;y
JMEI;y
JMF;y
JMIA;y
JMIN;y
JMLP;y
JMM;y
JMOM;y
JMP;y
JMPNL;y
JMPNZ;y
JMST;y
JMUB;y
JNCE;y
JNJ;y
JNK;y
JNMF;y
JNPR;y
JNUG;y
JO;y
JOB;y
JOBS;y
JOE;y
JOF;y
JOUT;y
JOYY;y
JP;y
JPC;y
JPED;y
JPEM;y
JPEU;y
JPGB;y
JPGE;y
JPHF;y
JPHY;y
JPI;y
JPIN;y
JPLS;y
JPM;y
JPMB;y
JPME;y
JPMF;y
JPMV;y
JPN;y
JPNL;y
JPS;y
JPSE;y
JPST;y
JPT;y
JPUS;y
JPXN;y
JQC;y
JQUA;y
JRI;y
JRJC;y
JRO;y
JRS;y
JRSH;y
JRVR;y
JSD;y
JSM;y
JSMD;y
JSML;y
JT;y
JTA;y
JTD;y
JUST;y
JVA;y
JVAL;y
JWN;y
JXI;y
JYNT;y
K;y
KAI;y
KALA;y
KALL;y
KALU;y
KALV;y
KAMN;y
KAR;y
KARS;y
KB;y
KBA;y
KBAL;y
KBE;y
KBH;y
KBLM;y
KBLMU;y
KBR;y
KBSF;y
KBWB;y
KBWD;y
KBWP;y
KBWR;y
KBWY;y
KCCB;y
KCE;y
KCNY;y
KDFI;y
KDMN;y
KDP;y
KE;y
KELYA;y
KELYB;y
KEM;y
KEMQ;y
KEMX;y
KEN;y
KEP;y
KEQU;y
KERN;y
KEX;y
KEY;y
KEYS;y
KF;y
KFFB;y
KFRC;y
KFS;y
KFY;y
KFYP;y
KGC;y
KGJI;y
KGRN;y
KHC;y
KIDS;y
KIE;y
KIM;y
KIN;y
KINS;y
KIO;y
KIQ;y
KIRK;y
KJAN;y
KKR;y
KL;y
KLAC;y
KLCD;y
KLDO;y
KLDW;y
KLIC;y
KLR;y
KLXE;y
KMB;y
KMDA;y
KMED;y
KMF;y
KMI;y
KMPH;y
KMPR;y
KMT;y
KMX;y
KN;y
KNAB;y
KNDI;y
KNG;y
KNL;y
KNOP;y
KNOW;y
KNSA;y
KNSL;y
KNX;y
KO;y
KOCT;y
KOD;y
KODK;y
KOF;y
KOIN;y
KOL;y
KOLD;y
KOMP;y
KOP;y
KOPN;y
KORP;y
KORU;y
KOS;y
KOSS;y
KPTI;y
KR;y
KRA;y
KRC;y
KRE;y
KREF;y
KRG;y
KRKR;y
KRMA;y
KRMD;y
KRNT;y
KRNY;y
KRO;y
KRP;y
KRTX;y
KRUS;y
KRYS;y
KSA;y
KSCD;y
KSM;y
KSS;y
KSU;y
KT;y
KTB;y
KTCC;y
KTF;y
KTH;y
KTN;y
KTOS;y
KTOV;y
KTP;y
KURA;y
KURE;y
KVHI;y
KW;y
KWEB;y
KWR;y
KXI;y
KXIN;y
KYN;y
KZIA;y
KZR;y
L;y
LABD;y
LABU;y
LAC;y
LACK;y
LACQ;y
LACQU;y
LAD;y
LADR;y
LAIX;y
LAKE;y
LAMR;y
LANC;y
LAND;y
LANDP;y
LARK;y
LASR;y
LATN;y
LATNU;y
LAUR;y
LAWS;y
LAZ;y
LAZY;y
LB;y
LBAI;y
LBC;y
LBJ;y
LBRDA;y
LBRDK;y
LBRT;y
LBTYA;y
LBTYB;y
LBTYK;y
LBY;y
LC;y
LCA;y
LCAHU;y
LCI;y
LCII;y
LCNB;y
LCR;y
LCTX;y
LCUT;y
LD;y
LDEM;y
LDL;y
LDOS;y
LDP;y
LDRS;y
LDSF;y
LDUR;y
LE;y
LEA;y
LEAD;y
LEAF;y
LECO;y
LEDS;y
LEE;y
LEG;y
LEGH;y
LEGR;y
LEJU;y
LEMB;y
LEN;y
LEND;y
LEO;y
LEU;y
LEVI;y
LEVL;y
LFAC;y
LFACU;y
LFC;y
LFEQ;y
LFUS;y
LFVN;y
LGC;y
LGF.B;y
LGH;y
LGI;y
LGIH;y
LGL;y
LGLV;y
LGND;y
LGOV;y
LH;y
LHC;y
LHCG;y
LHX;y
LIFE;y
LII;y
LILA;y
LILAK;y
LIN;y
LINC;y
LIND;y
LINX;y
LIQT;y
LIT;y
LITB;y
LITE;y
LIVE;y
LIVK;y
LIVKU;y
LIVN;y
LIVX;y
LIZI;y
LJPC;y
LK;y
LKCO;y
LKFN;y
LKOR;y
LKQ;y
LL;y
LLEX;y
LLIT;y
LLNW;y
LLY;y
LM;y
LMAT;y
LMB;y
LMBS;y
LMFA;y
LMHA;y
LMHB;y
LMLB;y
LMNL;y
LMNR;y
LMNX;y
LMPX;y
LMRK;y
LMRKN;y
LMRKO;y
LMRKP;y
LMST;y
LMT;y
LN;y
LNC;y
LND;y
LNDC;y
LNG;y
LNGR;y
LNN;y
LNT;y
LNTH;y
LOAC;y
LOACU;y
LOAN;y
LOB;y
LOCO;y
LODE;y
LOGC;y
LOGI;y
LOGM;y
LOMA;y
LONE;y
LOOP;y
LOPE;y
LORL;y
LOUP;y
LOV;y
LOVE;y
LOW;y
LOWC;y
LPCN;y
LPG;y
LPI;y
LPL;y
LPLA;y
LPSN;y
LPTH;y
LPTX;y
LPX;y
LQD;y
LQDA;y
LQDH;y
LQDI;y
LQDT;y
LRCX;y
LRGE;y
LRGF;y
LRN;y
LRNZ;y
LSAF;y
LSBK;y
LSCC;y
LSI;y
LSLT;y
LSST;y
LSTR;y
LSXMA;y
LSXMB;y
LSXMK;y
LTBR;y
LTC;y
LTHM;y
LTL;y
LTM;y
LTPZ;y
LTRPA;y
LTRPB;y
LTRX;y
LUB;y
LULU;y
LUMO;y
LUNA;y
LUV;y
LVGO;y
LVHB;y
LVHD;y
LVHE;y
LVHI;y
LVS;y
LVUS;y
LW;y
LWAY;y
LX;y
LXFR;y
LXP;y
LXRX;y
LXU;y
LYB;y
LYFT;y
LYG;y
LYL;y
LYTS;y
LYV;y
LZB;y
M;y
MA;y
MAA;y
MAAX;y
MAC;y
MACK;y
MAG;y
MAGA;y
MAGS;y
MAIN;y
MAN;y
MANH;y
MANT;y
MANU;y
MAR;y
MARA;y
MARB;y
MARK;y
MARPS;y
MAS;y
MASI;y
MAT;y
MATW;y
MATX;y
MAV;y
MAXR;y
MAYS;y
MBB;y
MBCN;y
MBI;y
MBII;y
MBIN;y
MBINO;y
MBINP;y
MBIO;y
MBNKP;y
MBOT;y
MBRX;y
MBSD;y
MBT;y
MBUU;y
MBWM;y
MC;y
MCA;y
MCB;y
MCBC;y
MCBS;y
MCC;y
MCD;y
MCEF;y
MCEP;y
MCF;y
MCFT;y
MCHI;y
MCHP;y
MCHX;y
MCI;y
MCK;y
MCMJ;y
MCN;y
MCO;y
MCR;y
MCRB;y
MCRI;y
MCRO;y
MCS;y
MCV;y
MCX;y
MCY;y
MD;y
MDB;y
MDC;y
MDCA;y
MDGL;y
MDGS;y
MDIA;y
MDIV;y
MDJH;y
MDLA;y
MDLQ;y
MDLX;y
MDLY;y
MDLZ;y
MDP;y
MDRR;y
MDRRP;y
MDRX;y
MDT;y
MDU;y
MDWD;y
MDY;y
MDYG;y
MDYV;y
MEAR;y
MEC;y
MED;y
MEDP;y
MEDS;y
MEET;y
MEI;y
MEIP;y
MELI;y
MEN;y
MEOH;y
MERC;y
MESA;y
MESO;y
MET;y
METC;y
METX;y
MEXX;y
MFA;y
MFAC;y
MFC;y
MFD;y
MFDX;y
MFEM;y
MFG;y
MFGP;y
MFH;y
MFIN;y
MFINL;y
MFL;y
MFM;y
MFMS;y
MFNC;y
MFO;y
MFSF;y
MFT;y
MFUS;y
MFV;y
MG;y
MGA;y
MGC;y
MGEE;y
MGEN;y
MGF;y
MGI;y
MGIC;y
MGK;y
MGLN;y
MGM;y
MGNX;y
MGP;y
MGPI;y
MGR;y
MGRC;y
MGTA;y
MGTX;y
MGU;y
MGV;y
MGY;y
MGYR;y
MHD;y
MHE;y
MHF;y
MHH;y
MHI;y
MHK;y
MHLA;y
MHLD;y
MHN;y
MHNC;y
MHO;y
MIC;y
MICR;y
MICT;y
MIDD;y
MIDF;y
MIDU;y
MIE;y
MIK;y
MILN;y
MIME;y
MIN;y
MINC;y
MIND;y
MINDP;y
MINI;y
MINT;y
MIRM;y
MIST;y
MITK;y
MITO;y
MITT;y
MIXT;y
MIY;y
MJ;y
MJCO;y
MJJ;y
MJO;y
MKC;y
MKD;y
MKGI;y
MKL;y
MKSI;y
MKTX;y
MLAB;y
MLCO;y
MLHR;y
MLI;y
MLM;y
MLN;y
MLND;y
MLNX;y
MLP;y
MLPA;y
MLPB;y
MLPC;y
MLPE;y
MLPG;y
MLPI;y
MLPO;y
MLPX;y
MLPY;y
MLR;y
MLSS;y
MLTI;y
MLVF;y
MMAC;y
MMC;y
MMD;y
MMI;y
MMIN;y
MMIT;y
MMLP;y
MMM;y
MMP;y
MMS;y
MMSI;y
MMT;y
MMTM;y
MMU;y
MMX;y
MMYT;y
MN;y
MNA;y
MNCL;y
MNCLU;y
MNDO;y
MNE;y
MNK;y
MNKD;y
MNLO;y
MNOV;y
MNP;y
MNPR;y
MNR;y
MNRL;y
MNRO;y
MNSB;y
MNST;y
MNTA;y
MNTX;y
MO;y
MOAT;y
MOBL;y
MOD;y
MODN;y
MOFG;y
MOGO;y
MOGU;y
MOH;y
MOHO;y
MOM;y
MOMO;y
MOO;y
MOR;y
MORF;y
MORN;y
MORT;y
MOS;y
MOSY;y
MOTI;y
MOTO;y
MOTS;y
MOV;y
MOXC;y
MPA;y
MPAA;y
MPB;y
MPC;y
MPLX;y
MPV;y
MPW;y
MPWR;y
MPX;y
MQT;y
MQY;y
MR;y
MRAM;y
MRBK;y
MRC;y
MRCC;y
MRCCL;y
MRCY;y
MREO;y
MRGR;y
MRIN;y
MRK;y
MRKR;y
MRLN;y
MRNA;y
MRNS;y
MRO;y
MRSN;y
MRTN;y
MRTX;y
MRUS;y
MRVL;y
MS;y
MSA;y
MSB;y
MSBF;y
MSBI;y
MSC;y
MSCI;y
MSD;y
MSEX;y
MSFT;y
MSG;y
MSGN;y
MSI;y
MSM;y
MSN;y
MSON;y
MSTR;y
MSUS;y
MSVB;y
MT;y
MTA;y
MTB;y
MTBC;y
MTBCP;y
MTC;y
MTCH;y
MTD;y
MTDR;y
MTEM;y
MTEX;y
MTG;y
MTGP;y
MTH;y
MTL;y
MTLS;y
MTN;y
MTNB;y
MTOR;y
MTP;y
MTR;y
MTRN;y
MTRX;y
MTSC;y
MTSI;y
MTSL;y
MTT;y
MTUM;y
MTW;y
MTX;y
MTZ;y
MU;y
MUA;y
MUB;y
MUC;y
MUDS;y
MUDSU;y
MUE;y
MUFG;y
MUH;y
MUI;y
MUJ;y
MUNI;y
MUR;y
MUS;y
MUSA;y
MUST;y
MUTE;y
MUX;y
MVBF;y
MVC;y
MVCD;y
MVF;y
MVIN;y
MVIS;y
MVO;y
MVT;y
MVV;y
MWA;y
MWK;y
MX;y
MXC;y
MXDE;y
MXDU;y
MXE;y
MXF;y
MXI;y
MXIM;y
MXL;y
MYC;y
MYD;y
MYE;y
MYF;y
MYFW;y
MYGN;y
MYI;y
MYJ;y
MYL;y
MYN;y
MYO;y
MYOK;y
MYOS;y
MYOV;y
MYRG;y
MYSZ;y
MYT;y
MYY;y
MZA;y
MZZ;y
NAC;y
NACP;y
NAD;y
NAII;y
NAIL;y
NAK;y
NAKD;y
NAN;y
NANR;y
NAOV;y
NAT;y
NATH;y
NATI;y
NATR;y
NAV;y
NAVB;y
NAVI;y
NAZ;y
NBACU;y
NBB;y
NBEV;y
NBH;y
NBHC;y
NBIX;y
NBL;y
NBLX;y
NBN;y
NBO;y
NBR;y
NBRV;y
NBSE;y
NBTB;y
NBW;y
NBY;y
NC;y
NCA;y
NCB;y
NCBS;y
NCLH;y
NCMI;y
NCNA;y
NCR;y
NCSM;y
NCTY;y
NCV;y
NCZ;y
NDAQ;y
NDLS;y
NDP;y
NDRA;y
NDSN;y
NE;y
NEA;y
NEAR;y
NEBU;y
NEBUU;y
NEBUW;y
NEE;y
NEED;y
NEM;y
NEN;y
NEO;y
NEOG;y
NEON;y
NEOS;y
NEP;y
NEPH;y
NEPT;y
NERD;y
NERV;y
NES;y
NESR;y
NET;y
NETE;y
NETL;y
NEU;y
NEV;y
NEW;y
NEWA;y
NEWR;y
NEWT;y
NEWTL;y
NEX;y
NEXA;y
NEXT;y
NFBK;y
NFE;y
NFG;y
NFH;y
NFIN;y
NFINU;y
NFJ;y
NFLT;y
NFLX;y
NFRA;y
NFTY;y
NG;y
NGD;y
NGE;y
NGG;y
NGHC;y
NGHCN;y
NGHCO;y
NGHCP;y
NGHCZ;y
NGL;y
NGM;y
NGS;y
NGVC;y
NGVT;y
NH;y
NHA;y
NHC;y
NHF;y
NHI;y
NHLD;y
NHS;y
NHTC;y
NI;y
NIB;y
NICE;y
NICK;y
NID;y
NIE;y
NIM;y
NINE;y
NIO;y
NIQ;y
NIU;y
NJAN;y
NJR;y
NJV;y
NK;y
NKE;y
NKG;y
NKSH;y
NKTR;y
NKX;y
NL;y
NLOK;y
NLR;y
NLS;y
NLSN;y
NLTX;y
NLY;y
NM;y
NMCI;y
NMCO;y
NMFC;y
NMFX;y
NMI;y
NMIH;y
NML;y
NMM;y
NMR;y
NMRD;y
NMRK;y
NMS;y
NMT;y
NMY;y
NMZ;y
NNA;y
NNBR;y
NNDM;y
NNI;y
NNN;y
NNVC;y
NNY;y
NOA;y
NOAH;y
NOBL;y
NOC;y
NOCT;y
NODK;y
NOG;y
NOK;y
NOM;y
NOMD;y
NORW;y
NOV;y
NOVA;y
NOVN;y
NOVT;y
NOW;y
NP;y
NPA;y
NPAUU;y
NPK;y
NPN;y
NPO;y
NPTN;y
NPV;y
NQP;y
NR;y
NRBO;y
NRC;y
NREF;y
NRG;y
NRGD;y
NRGO;y
NRGU;y
NRGX;y
NRGZ;y
NRIM;y
NRK;y
NRO;y
NRP;y
NRT;y
NRUC;y
NRZ;y
NS;y
NSA;y
NSC;y
NSCO;y
NSEC;y
NSIT;y
NSL;y
NSP;y
NSPR;y
NSS;y
NSSC;y
NSTG;y
NSYS;y
NTAP;y
NTB;y
NTCO;y
NTCT;y
NTEC;y
NTES;y
NTG;y
NTGN;y
NTGR;y
NTIC;y
NTIP;y
NTLA;y
NTN;y
NTNX;y
NTP;y
NTR;y
NTRA;y
NTRP;y
NTRS;y
NTRSO;y
NTSX;y
NTUS;y
NTWK;y
NTZ;y
NUAG;y
NUAN;y
NUBD;y
NUDM;y
NUE;y
NUEM;y
NUGT;y
NUHY;y
NULC;y
NULG;y
NULV;y
NUM;y
NUMG;y
NUMV;y
NUO;y
NURE;y
NURO;y
NUS;y
NUSA;y
NUSC;y
NUSI;y
NUV;y
NUVA;y
NUW;y
NVAX;y
NVCN;y
NVCR;y
NVDA;y
NVEC;y
NVEE;y
NVFY;y
NVG;y
NVGS;y
NVIV;y
NVMI;y
NVO;y
NVR;y
NVRO;y
NVS;y
NVST;y
NVT;y
NVTA;y
NVUS;y
NWBI;y
NWE;y
NWFL;y
NWGI;y
NWHM;y
NWL;y
NWLI;y
NWN;y
NWPX;y
NWS;y
NWSA;y
NX;y
NXC;y
NXE;y
NXGN;y
NXJ;y
NXN;y
NXP;y
NXPI;y
NXQ;y
NXR;y
NXRT;y
NXST;y
NXTC;y
NXTD;y
NXTG;y
NYCB;y
NYF;y
NYMT;y
NYMTM;y
NYMTN;y
NYMTO;y
NYMTP;y
NYMX;y
NYT;y
NYV;y
NZF;y
O;y
OAC;y
OAS;y
OBAS;y
OBCI;y
OBLG;y
OBLN;y
OBNK;y
OBOR;y
OBSV;y
OC;y
OCC;y
OCCI;y
OCCIP;y
OCFC;y
OCFT;y
OCGN;y
OCIO;y
OCN;y
OCSI;y
OCSL;y
OCUL;y
OCX;y
ODC;y
ODFL;y
ODP;y
ODT;y
OEC;y
OEF;y
OESX;y
OEUR;y
OFC;y
OFED;y
OFG;y
OFIX;y
OFLX;y
OFS;y
OFSSI;y
OFSSZ;y
OGCP;y
OGE;y
OGEN;y
OGI;y
OGIG;y
OGS;y
OHI;y
OI;y
OIA;y
OIH;y
OII;y
OIIM;y
OIL;y
OILK;y
OILX;y
OIS;y
OKE;y
OKTA;y
OLD;y
OLED;y
OLEM;y
OLLI;y
OLN;y
OLP;y
OMAB;y
OMC;y
OMCL;y
OMER;y
OMEX;y
OMF;y
OMFL;y
OMFS;y
OMI;y
OMP;y
ON;y
ONB;y
ONCS;y
ONCT;y
ONCY;y
ONDK;y
ONE;y
ONEM;y
ONEO;y
ONEQ;y
ONEV;y
ONEW;y
ONEY;y
ONLN;y
ONTO;y
ONTX;y
ONVO;y
OOMA;y
OPB;y
OPBK;y
OPCH;y
OPER;y
OPES;y
OPESU;y
OPGN;y
OPHC;y
OPI;y
OPINI;y
OPK;y
OPNT;y
OPOF;y
OPP;y
OPRA;y
OPRT;y
OPRX;y
OPTN;y
OPTT;y
OPY;y
OR;y
ORA;y
ORAN;y
ORBC;y
ORC;y
ORCC;y
ORCL;y
ORGO;y
ORGS;y
ORI;y
ORLY;y
ORMP;y
ORN;y
ORRF;y
ORSN;y
ORSNU;y
ORTX;y
OSB;y
OSBC;y
OSCV;y
OSG;y
OSIS;y
OSK;y
OSMT;y
OSN;y
OSPN;y
OSS;y
OSTK;y
OSUR;y
OSW;y
OTEL;y
OTEX;y
OTIC;y
OTLK;y
OTTR;y
OTTW;y
OUNZ;y
OUSA;y
OUSM;y
OUT;y
OVB;y
OVBC;y
OVF;y
OVID;y
OVL;y
OVLY;y
OVM;y
OVS;y
OVV;y
OXBR;y
OXFD;y
OXLC;y
OXLCM;y
OXLCO;y
OXLCP;y
OXM;y
OXSQ;y
OXSQL;y
OXSQZ;y
OXY;y
OYST;y
OZK;y
PAA;y
PAAC;y
PAACU;y
PAAS;y
PAC;y
PACA;y
PACB;y
PACD;y
PACK;y
PACQ;y
PACQU;y
PACQW;y
PACW;y
PAE;y
PAG;y
PAGP;y
PAGS;y
PAHC;y
PAI;y
PAK;y
PALL;y
PAM;y
PANL;y
PANW;y
PAPR;y
PAR;y
PARR;y
PASG;y
PASS;y
PATI;y
PATK;y
PAUG;y
PAVE;y
PAVM;y
PAVMW;y
PAWZ;y
PAYC;y
PAYS;y
PAYX;y
PB;y
PBA;y
PBB;y
PBBI;y
PBC;y
PBCT;y
PBCTP;y
PBD;y
PBDM;y
PBE;y
PBEE;y
PBF;y
PBFS;y
PBFX;y
PBH;y
PBHC;y
PBI;y
PBIP;y
PBJ;y
PBND;y
PBP;y
PBPB;y
PBR;y
PBS;y
PBSM;y
PBT;y
PBTP;y
PBTS;y
PBUS;y
PBW;y
PBY;y
PBYI;y
PCAR;y
PCB;y
PCEF;y
PCF;y
PCG;y
PCH;y
PCI;y
PCK;y
PCM;y
PCN;y
PCOM;y
PCQ;y
PCRX;y
PCSB;y
PCTI;y
PCTY;y
PCY;y
PCYG;y
PCYO;y
PD;y
PDBC;y
PDCE;y
PDCO;y
PDD;y
PDEC;y
PDEV;y
PDEX;y
PDFS;y
PDI;y
PDLB;y
PDLI;y
PDM;y
PDN;y
PDP;y
PDS;y
PDSB;y
PDT;y
PE;y
PEAK;y
PEB;y
PEBK;y
PEBO;y
PECK;y
PED;y
PEG;y
PEGA;y
PEI;y
PEIX;y
PEJ;y
PEK;y
PEN;y
PENN;y
PEO;y
PEP;y
PER;y
PERI;y
PESI;y
PETQ;y
PETS;y
PETZ;y
PEX;y
PEXL;y
PEY;y
PEZ;y
PFBC;y
PFBI;y
PFD;y
PFE;y
PFEB;y
PFF;y
PFFA;y
PFFD;y
PFFL;y
PFFR;y
PFG;y
PFGC;y
PFH;y
PFHD;y
PFI;y
PFIE;y
PFIG;y
PFIN;y
PFIS;y
PFL;y
PFLD;y
PFLT;y
PFM;y
PFMT;y
PFN;y
PFNX;y
PFO;y
PFPT;y
PFS;y
PFSI;y
PFSW;y
PFXF;y
PG;y
PGAL;y
PGC;y
PGEN;y
PGF;y
PGHY;y
PGJ;y
PGM;y
PGNX;y
PGNY;y
PGP;y
PGR;y
PGRE;y
PGTI;y
PGX;y
PGZ;y
PH;y
PHAS;y
PHAT;y
PHB;y
PHCF;y
PHD;y
PHDG;y
PHG;y
PHGE;y
PHI;y
PHIO;y
PHK;y
PHM;y
PHO;y
PHR;y
PHT;y
PHUN;y
PHX;y
PHYL;y
PHYS;y
PI;y
PIC;y
PICB;y
PICK;y
PICO;y
PID;y
PIE;y
PIH;y
PIHPP;y
PII;y
PILL;y
PIM;y
PIN;y
PINC;y
PINE;y
PING;y
PINS;y
PIO;y
PIPR;y
PIRS;y
PIXY;y
PIY;y
PIZ;y
PJAN;y
PJH;y
PJP;y
PJT;y
PJUL;y
PJUN;y
PK;y
PKB;y
PKBK;y
PKE;y
PKG;y
PKI;y
PKO;y
PKOH;y
PKW;y
PKX;y
PLAB;y
PLAG;y
PLAN;y
PLAT;y
PLAY;y
PLBC;y
PLC;y
PLCE;y
PLCY;y
PLD;y
PLG;y
PLIN;y
PLL;y
PLM;y
PLMR;y
PLNT;y
PLOW;y
PLPC;y
PLSE;y
PLT;y
PLTM;y
PLUG;y
PLUS;y
PLW;y
PLX;y
PLXP;y
PLXS;y
PLYA;y
PLYM;y
PM;y
PMAR;y
PMBC;y
PMD;y
PME;y
PMF;y
PML;y
PMM;y
PMO;y
PMOM;y
PMT;y
PMX;y
PNBK;y
PNC;y
PNF;y
PNFP;y
PNI;y
PNM;y
PNNT;y
PNNTG;y
PNOV;y
PNQI;y
PNR;y
PNRG;y
PNTG;y
PNW;y
POAI;y
POCT;y
PODD;y
POL;y
POLA;y
POOL;y
POPE;y
POR;y
POST;y
POTX;y
POWI;y
POWL;y
PPA;y
PPBI;y
PPC;y
PPD;y
PPDM;y
PPEM;y
PPG;y
PPH;y
PPHI;y
PPIH;y
PPL;y
PPLC;y
PPLT;y
PPMC;y
PPR;y
PPSC;y
PPSI;y
PPT;y
PPTY;y
PPX;y
PQG;y
PQIN;y
PQLC;y
PQSG;y
PQSV;y
PRA;y
PRAA;y
PRAH;y
PRCP;y
PRDO;y
PREF;y
PRF;y
PRFT;y
PRFZ;y
PRGO;y
PRGS;y
PRGX;y
PRH;y
PRI;y
PRIM;y
PRK;y
PRLB;y
PRMW;y
PRN;y
PRNB;y
PRNT;y
PRO;y
PROF;y
PROS;y
PROV;y
PRPH;y
PRPL;y
PRPO;y
PRQR;y
PRS;y
PRSC;y
PRSP;y
PRT;y
PRTA;y
PRTH;y
PRTK;y
PRTS;y
PRTY;y
PRU;y
PRVB;y
PRVL;y
PS;y
PSA;y
PSB;y
PSC;y
PSCC;y
PSCD;y
PSCE;y
PSCF;y
PSCH;y
PSCI;y
PSCM;y
PSCT;y
PSCU;y
PSEC;y
PSEP;y
PSET;y
PSF;y
PSHG;y
PSI;y
PSJ;y
PSK;y
PSL;y
PSLV;y
PSM;y
PSMB;y
PSMC;y
PSMG;y
PSMM;y
PSMT;y
PSN;y
PSNL;y
PSO;y
PSP;y
PSQ;y
PSR;y
PST;y
PSTG;y
PSTI;y
PSTL;y
PSTV;y
PSV;y
PSX;y
PSXP;y
PT;y
PTAC;y
PTACU;y
PTBD;y
PTC;y
PTCT;y
PTE;y
PTEN;y
PTEU;y
PTF;y
PTGX;y
PTH;y
PTI;y
PTIN;y
PTLA;y
PTLC;y
PTMC;y
PTMN;y
PTN;y
PTNQ;y
PTNR;y
PTON;y
PTR;y
PTSI;y
PTVCA;y
PTVCB;y
PTY;y
PUB;y
PUI;y
PUK;y
PULM;y
PULS;y
PUMP;y
PUTW;y
PUYI;y
PVAC;y
PVAL;y
PVBC;y
PVG;y
PVH;y
PVI;y
PVL;y
PW;y
PWB;y
PWC;y
PWFL;y
PWOD;y
PWR;y
PWS;y
PWV;y
PWZ;y
PXD;y
PXE;y
PXF;y
PXH;y
PXI;y
PXJ;y
PXLW;y
PXQ;y
PXS;y
PY;y
PYN;y
PYPE;y
PYPL;y
PYS;y
PYT;y
PYX;y
PYZ;y
PZA;y
PZC;y
PZD;y
PZG;y
PZN;y
PZT;y
PZZA;y
QABA;y
QADA;y
QADB;y
QAI;y
QARP;y
QAT;y
QBAK;y
QCLN;y
QCOM;y
QCRH;y
QD;y
QDEF;y
QDEL;y
QDF;y
QDIV;y
QDYN;y
QED;y
QEFA;y
QEMM;y
QEP;y
QES;y
QFIN;y
QGEN;y
QGRO;y
QGTA;y
QHC;y
QID;y
QINT;y
QIWI;y
QK;y
QLC;y
QLD;y
QLS;y
QLTA;y
QLV;y
QLVD;y
QLVE;y
QLYS;y
QMCO;y
QMJ;y
QMN;y
QMOM;y
QNST;y
QQEW;y
QQH;y
QQQ;y
QQQE;y
QQQX;y
QQXT;y
QRFT;y
QRHC;y
QRTEA;y
QRTEB;y
QRVO;y
QSR;y
QSY;y
QTEC;y
QTNT;y
QTRX;y
QTS;y
QTT;y
QTUM;y
QTWO;y
QUAD;y
QUAL;y
QUIK;y
QUMU;y
QUOT;y
QURE;y
QUS;y
QVAL;y
QVCC;y
QVCD;y
QVM;y
QWLD;y
QYLD;y
R;y
RA;y
RAAX;y
RACE;y
RAD;y
RADA;y
RAFE;y
RAIL;y
RALS;y
RAMP;y
RAND;y
RAPT;y
RARE;y
RARX;y
RAVE;y
RAVI;y
RAVN;y
RBA;y
RBB;y
RBBN;y
RBC;y
RBCAA;y
RBCN;y
RBIN;y
RBKB;y
RBNC;y
RBS;y
RBUS;y
RBZ;y
RC;y
RCA;y
RCB;y
RCD;y
RCEL;y
RCG;y
RCI;y
RCII;y
RCKT;y
RCKY;y
RCL;y
RCM;y
RCMT;y
RCON;y
RCP;y
RCS;y
RCUS;y
RDCM;y
RDFN;y
RDHL;y
RDI;y
RDIB;y
RDIV;y
RDN;y
RDNT;y
RDOG;y
RDUS;y
RDVT;y
RDVY;y
RDWR;y
RDY;y
RE;y
REAL;y
RECS;y
REDU;y
REED;y
REET;y
REFR;y
REG;y
REGI;y
REGL;y
REGN;y
REI;y
REK;y
REKR;y
RELL;y
RELV;y
RELX;y
REM;y
REML;y
REMX;y
RENN;y
REPH;y
REPL;y
RES;y
RESD;y
RESE;y
RESI;y
RESN;y
RETA;y
RETL;y
RETO;y
REV;y
REVG;y
REVS;y
REW;y
REX;y
REXN;y
REXR;y
REYN;y
REZ;y
REZI;y
RF;y
RFAP;y
RFCI;y
RFDA;y
RFDI;y
RFEM;y
RFEU;y
RFFC;y
RFG;y
RFI;y
RFIL;y
RFL;y
RFM;y
RFP;y
RFUN;y
RFV;y
RGA;y
RGCO;y
RGEN;y
RGI;y
RGLD;y
RGLS;y
RGNX;y
RGR;y
RGS;y
RGT;y
RH;y
RHE;y
RHI;y
RHP;y
RHS;y
RIBT;y
RICK;y
RIF;y
RIG;y
RIGL;y
RIGS;y
RILY;y
RILYG;y
RILYH;y
RILYI;y
RILYN;y
RILYO;y
RILYP;y
RILYZ;y
RINF;y
RING;y
RIO;y
RIOT;y
RISE;y
RIV;y
RIVE;y
RJA;y
RJF;y
RJI;y
RJN;y
RJZ;y
RKDA;y
RL;y
RLGT;y
RLGY;y
RLH;y
RLI;y
RLJ;y
RLMD;y
RLY;y
RM;y
RMAX;y
RMBI;y
RMBL;y
RMBS;y
RMCF;y
RMD;y
RMED;y
RMG;y
RMI;y
RMM;y
RMNI;y
RMR;y
RMT;y
RMTI;y
RNDB;y
RNDM;y
RNDV;y
RNEM;y
RNET;y
RNG;y
RNGR;y
RNLC;y
RNMC;y
RNP;y
RNR;y
RNSC;y
RNST;y
RNWK;y
ROAD;y
ROAM;y
ROBO;y
ROBT;y
ROCK;y
RODE;y
RODI;y
RODM;y
ROG;y
ROIC;y
ROK;y
ROKT;y
ROKU;y
ROL;y
ROLL;y
ROM;y
ROMO;y
ROOF;y
ROP;y
RORE;y
ROSC;y
ROSE;y
ROSEU;y
ROST;y
ROUS;y
ROYT;y
RP;y
RPAI;y
RPAR;y
RPAY;y
RPD;y
RPG;y
RPLA;y
RPM;y
RPT;y
RPV;y
RQI;y
RRBI;y
RRC;y
RRD;y
RRGB;y
RRR;y
RRTS;y
RS;y
RSF;y
RSG;y
RSP;y
RSSS;y
RST;y
RSX;y
RSXJ;y
RTH;y
RTIX;y
RTL;y
RTLR;y
RTM;y
RTN;y
RTRX;y
RTTR;y
RTW;y
RUBI;y
RUBY;y
RUHN;y
RUN;y
RUSHA;y
RUSHB;y
RUSL;y
RUTH;y
RVI;y
RVLV;y
RVNC;y
RVNU;y
RVP;y
RVRS;y
RVSB;y
RVT;y
RWCD;y
RWDC;y
RWDE;y
RWED;y
RWGV;y
RWIU;y
RWJ;y
RWK;y
RWL;y
RWLK;y
RWLS;y
RWM;y
RWO;y
RWR;y
RWSL;y
RWT;y
RWUI;y
RWVG;y
RWX;y
RXD;y
RXI;y
RXL;y
RXN;y
RY;y
RYAAY;y
RYAM;y
RYB;y
RYCE;y
RYE;y
RYF;y
RYH;y
RYI;y
RYJ;y
RYLD;y
RYN;y
RYT;y
RYTM;y
RYU;y
RYZZ;y
RZA;y
RZB;y
RZG;y
RZV;y
SA;y
SAA;y
SABR;y
SACC;y
SACH;y
SAEX;y
SAF;y
SAFE;y
SAFM;y
SAFT;y
SAGE;y
SAH;y
SAIA;y
SAIC;y
SAIL;y
SAL;y
SALM;y
SALT;y
SAM;y
SAMA;y
SAMAU;y
SAMG;y
SAN;y
SAND;y
SANM;y
SANW;y
SAP;y
SAQN;y
SAQNU;y
SAR;y
SASR;y
SATS;y
SAVA;y
SAVE;y
SB;y
SBAC;y
SBB;y
SBBP;y
SBBX;y
SBCF;y
SBE;y
SBFG;y
SBGI;y
SBH;y
SBI;y
SBIO;y
SBLK;y
SBLKZ;y
SBM;y
SBNA;y
SBNY;y
SBOW;y
SBPH;y
SBR;y
SBRA;y
SBS;y
SBSI;y
SBT;y
SBUX;y
SC;y
SCA;y
SCAP;y
SCC;y
SCCB;y
SCCO;y
SCD;y
SCHA;y
SCHB;y
SCHC;y
SCHD;y
SCHE;y
SCHF;y
SCHG;y
SCHH;y
SCHI;y
SCHJ;y
SCHK;y
SCHL;y
SCHM;y
SCHN;y
SCHO;y
SCHP;y
SCHQ;y
SCHR;y
SCHV;y
SCHW;y
SCHX;y
SCHZ;y
SCI;y
SCID;y
SCIF;y
SCIJ;y
SCIU;y
SCIX;y
SCJ;y
SCKT;y
SCL;y
SCM;y
SCO;y
SCON;y
SCOR;y
SCPE;y
SCPH;y
SCPL;y
SCS;y
SCSC;y
SCU;y
SCVL;y
SCVX;y
SCWX;y
SCX;y
SCYX;y
SCZ;y
SD;y
SDAG;y
SDC;y
SDCI;y
SDD;y
SDEM;y
SDG;y
SDGA;y
SDGR;y
SDI;y
SDIV;y
SDOG;y
SDOW;y
SDP;y
SDPI;y
SDRL;y
SDS;y
SDVY;y
SDY;y
SDYL;y
SE;y
SEAC;y
SEAS;y
SEB;y
SECO;y
SECT;y
SEDG;y
SEE;y
SEED;y
SEEL;y
SEF;y
SEIC;y
SEIX;y
SELB;y
SELF;y
SEM;y
SENEA;y
SENEB;y
SENS;y
SERV;y
SES;y
SESN;y
SF;y
SFBC;y
SFBS;y
SFE;y
SFET;y
SFHY;y
SFIG;y
SFIX;y
SFL;y
SFM;y
SFNC;y
SFST;y
SFTW;y
SFUN;y
SFY;y
SFYF;y
SFYX;y
SG;y
SGA;y
SGB;y
SGBX;y
SGC;y
SGDJ;y
SGDM;y
SGEN;y
SGG;y
SGH;y
SGLB;y
SGMA;y
SGMO;y
SGMS;y
SGOC;y
SGOL;y
SGRP;y
SGRY;y
SGU;y
SH;y
SHAG;y
SHAK;y
SHBI;y
SHE;y
SHEN;y
SHG;y
SHI;y
SHIP;y
SHLL;y
SHLO;y
SHLX;y
SHM;y
SHO;y
SHOO;y
SHOP;y
SHSP;y
SHV;y
SHW;y
SHY;y
SHYD;y
SHYG;y
SHYL;y
SI;y
SIBN;y
SIC;y
SID;y
SIEB;y
SIEN;y
SIF;y
SIFY;y
SIG;y
SIGA;y
SIGI;y
SIJ;y
SIL;y
SILC;y
SILJ;y
SILK;y
SILV;y
SIM;y
SIMO;y
SIMS;y
SINA;y
SINO;y
SINT;y
SIRI;y
SITC;y
SITE;y
SITM;y
SIVB;y
SIVBP;y
SIVR;y
SIX;y
SIZE;y
SJB;y
SJI;y
SJIJ;y
SJIU;y
SJM;y
SJNK;y
SJR;y
SJT;y
SJW;y
SKF;y
SKM;y
SKOR;y
SKT;y
SKX;y
SKY;y
SKYS;y
SKYW;y
SKYY;y
SLAB;y
SLB;y
SLCA;y
SLCT;y
SLDB;y
SLF;y
SLG;y
SLGG;y
SLGL;y
SLGN;y
SLM;y
SLMBP;y
SLNO;y
SLP;y
SLQD;y
SLRC;y
SLRX;y
SLS;y
SLT;y
SLV;y
SLVO;y
SLVP;y
SLX;y
SLY;y
SLYG;y
SLYV;y
SM;y
SMAR;y
SMB;y
SMBC;y
SMBK;y
SMCI;y
SMCP;y
SMDD;y
SMDV;y
SMDY;y
SMED;y
SMEZ;y
SMFG;y
SMG;y
SMH;y
SMHB;y
SMHI;y
SMIN;y
SMIT;y
SMLF;y
SMLL;y
SMLP;y
SMLV;y
SMM;y
SMMC;y
SMMCU;y
SMMD;y
SMMF;y
SMMT;y
SMMU;y
SMMV;y
SMN;y
SMOG;y
SMP;y
SMPL;y
SMRT;y
SMSI;y
SMTC;y
SMTS;y
SMTX;y
SNA;y
SNAP;y
SNBR;y
SNCA;y
SNCR;y
SND;y
SNDE;y
SNDL;y
SNDR;y
SNDX;y
SNE;y
SNES;y
SNFCA;y
SNGX;y
SNLN;y
SNMP;y
SNN;y
SNOA;y
SNP;y
SNPE;y
SNPS;y
SNR;y
SNSR;y
SNSS;y
SNUG;y
SNV;y
SNX;y
SNY;y
SO;y
SOCL;y
SOGO;y
SOHO;y
SOHOB;y
SOHON;y
SOHOO;y
SOHU;y
SOI;y
SOIL;y
SOJA;y
SOJB;y
SOJC;y
SOJD;y
SOL;y
SOLN;y
SOLO;y
SOLY;y
SON;y
SONA;y
SONG;y
SONM;y
SONO;y
SOR;y
SORL;y
SOVB;y
SOXL;y
SOXS;y
SOXX;y
SOYB;y
SP;y
SPAB;y
SPAQ;y
SPAR;y
SPB;y
SPBO;y
SPCB;y
SPCE;y
SPDN;y
SPDV;y
SPDW;y
SPE;y
SPEM;y
SPEU;y
SPFF;y
SPFI;y
SPG;y
SPGI;y
SPGM;y
SPGP;y
SPH;y
SPHB;y
SPHD;y
SPHQ;y
SPHY;y
SPI;y
SPIB;y
SPIP;y
SPKE;y
SPKEP;y
SPLB;y
SPLG;y
SPLK;y
SPLP;y
SPLV;y
SPMB;y
SPMD;y
SPMO;y
SPMV;y
SPN;y
SPNE;y
SPNS;y
SPOK;y
SPOT;y
SPPI;y
SPPP;y
SPR;y
SPRO;y
SPRT;y
SPSB;y
SPSC;y
SPSK;y
SPSM;y
SPT;y
SPTI;y
SPTL;y
SPTM;y
SPTN;y
SPTS;y
SPUS;y
SPUU;y
SPVM;y
SPVU;y
SPWH;y
SPWR;y
SPXB;y
SPXC;y
SPXE;y
SPXL;y
SPXN;y
SPXS;y
SPXT;y
SPXU;y
SPXV;y
SPXX;y
SPY;y
SPYB;y
SPYD;y
SPYG;y
SPYV;y
SPYX;y
SQ;y
SQBG;y
SQLV;y
SQM;y
SQNS;y
SQQQ;y
SR;y
SRAC;y
SRACU;y
SRAX;y
SRC;y
SRCE;y
SRCL;y
SRDX;y
SRE;y
SREA;y
SRET;y
SREV;y
SRF;y
SRG;y
SRI;y
SRL;y
SRLN;y
SRLP;y
SRNE;y
SRPT;y
SRRA;y
SRRK;y
SRS;y
SRT;y
SRTS;y
SRTY;y
SRV;y
SRVR;y
SSB;y
SSBI;y
SSD;y
SSG;y
SSI;y
SSKN;y
SSL;y
SSNC;y
SSNT;y
SSO;y
SSP;y
SSPK;y
SSPKU;y
SSPY;y
SSRM;y
SSSS;y
SSTI;y
SSTK;y
SSUS;y
SSY;y
SSYS;y
ST;y
STAA;y
STAF;y
STAG;y
STAR;y
STAY;y
STBA;y
STC;y
STCN;y
STE;y
STFC;y
STG;y
STIM;y
STIP;y
STK;y
STKL;y
STKS;y
STL;y
STLD;y
STLG;y
STLV;y
STM;y
STML;y
STMP;y
STN;y
STND;y
STNE;y
STNG;y
STOK;y
STON;y
STOR;y
STOT;y
STPP;y
STPZ;y
STRA;y
STRL;y
STRM;y
STRO;y
STRS;y
STRT;y
STSA;y
STT;y
STWD;y
STX;y
STXB;y
STXS;y
STZ;y
SU;y
SUB;y
SUI;y
SUM;y
SUMR;y
SUN;y
SUNS;y
SUNW;y
SUP;y
SUPN;y
SUPV;y
SURF;y
SUSA;y
SUSB;y
SUSC;y
SUSL;y
SUZ;y
SVA;y
SVBI;y
SVC;y
SVM;y
SVMK;y
SVRA;y
SVT;y
SVVC;y
SVXY;y
SWAN;y
SWAV;y
SWCH;y
SWI;y
SWIR;y
SWK;y
SWKH;y
SWKS;y
SWM;y
SWN;y
SWP;y
SWT;y
SWTX;y
SWX;y
SWZ;y
SXC;y
SXI;y
SXT;y
SXTC;y
SY;y
SYBT;y
SYBX;y
SYE;y
SYF;y
SYG;y
SYK;y
SYKE;y
SYLD;y
SYN;y
SYNA;y
SYNC;y
SYNH;y
SYNL;y
SYPR;y
SYRS;y
SYV;y
SYX;y
SYY;y
SZC;y
SZK;y
SZNE;y
T;y
TA;y
TAC;y
TACO;y
TACT;y
TAGS;y
TAIL;y
TAIT;y
TAK;y
TAL;y
TALO;y
TAN;y
TANH;y
TANNI;y
TANNL;y
TANNZ;y
TAOP;y
TAP;y
TAPR;y
TARA;y
TARO;y
TAST;y
TAT;y
TATT;y
TAWK;y
TAXF;y
TAYD;y
TBB;y
TBBK;y
TBC;y
TBF;y
TBI;y
TBIO;y
TBK;y
TBLT;y
TBLTW;y
TBLU;y
TBND;y
TBNK;y
TBPH;y
TBT;y
TBX;y
TC;y
TCBI;y
TCBIL;y
TCBIP;y
TCBK;y
TCCO;y
TCDA;y
TCF;y
TCFC;y
TCFCP;y
TCI;y
TCMD;y
TCO;y
TCOM;y
TCON;y
TCP;y
TCPC;y
TCRD;y
TCRR;y
TCRW;y
TCRZ;y
TCS;y
TCTL;y
TCX;y
TD;y
TDA;y
TDAC;y
TDACU;y
TDC;y
TDE;y
TDF;y
TDG;y
TDI;y
TDIV;y
TDJ;y
TDOC;y
TDS;y
TDTF;y
TDTT;y
TDV;y
TDW;y
TDY;y
TEAF;y
TEAM;y
TECB;y
TECD;y
TECH;y
TECK;y
TECL;y
TECS;y
TECTP;y
TEDU;y
TEF;y
TEI;y
TEL;y
TELA;y
TELL;y
TEN;y
TENB;y
TENX;y
TEO;y
TER;y
TERM;y
TERP;y
TESS;y
TEUM;y
TEVA;y
TEX;y
TFC;y
TFFP;y
TFI;y
TFII;y
TFIV;y
TFLO;y
TFLT;y
TFSL;y
TFX;y
TG;y
TGA;y
TGB;y
TGC;y
TGE;y
TGEN;y
TGH;y
TGI;y
TGLS;y
TGNA;y
TGP;y
TGS;y
TGT;y
TGTX;y
TH;y
THBR;y
THBRU;y
THC;y
THCA;y
THCAU;y
THCB;y
THCBU;y
THCX;y
THD;y
THFF;y
THG;y
THGA;y
THM;y
THMO;y
THO;y
THQ;y
THR;y
THRM;y
THS;y
THTX;y
THW;y
TIF;y
TIGO;y
TIGR;y
TILE;y
TILT;y
TIP;y
TIPT;y
TIPX;y
TIPZ;y
TISI;y
TITN;y
TIVO;y
TJX;y
TK;y
TKAT;y
TKC;y
TKR;y
TLC;y
TLDH;y
TLEH;y
TLF;y
TLGT;y
TLH;y
TLI;y
TLK;y
TLND;y
TLRD;y
TLRY;y
TLSA;y
TLT;y
TLTD;y
TLTE;y
TLYS;y
TM;y
TMDI;y
TMDV;y
TMDX;y
TME;y
TMF;y
TMFC;y
TMHC;y
TMO;y
TMP;y
TMQ;y
TMSR;y
TMST;y
TMUS;y
TMV;y
TNA;y
TNAV;y
TNC;y
TNDM;y
TNET;y
TNK;y
TNP;y
TNXP;y
TOCA;y
TOK;y
TOKE;y
TOL;y
TOLZ;y
TOPS;y
TORC;y
TOT;y
TOTA;y
TOTAU;y
TOTL;y
TOUR;y
TOWN;y
TPAY;y
TPB;y
TPC;y
TPCO;y
TPH;y
TPHD;y
TPHS;y
TPIC;y
TPIF;y
TPL;y
TPLC;y
TPOR;y
TPR;y
TPRE;y
TPSC;y
TPTX;y
TPVG;y
TPVY;y
TPX;y
TPYP;y
TPZ;y
TQQQ;y
TR;y
TRC;y
TRCH;y
TREC;y
TREE;y
TREX;y
TRGP;y
TRHC;y
TRI;y
TRIB;y
TRIL;y
TRIP;y
TRMB;y
TRMD;y
TRMK;y
TRMT;y
TRN;y
TRND;y
TRNE;y
TRNO;y
TRNS;y
TRNX;y
TROV;y
TROW;y
TROX;y
TRP;y
TRPX;y
TRQ;y
TRS;y
TRST;y
TRT;y
TRTN;y
TRTX;y
TRTY;y
TRU;y
TRUE;y
TRUP;y
TRV;y
TRVG;y
TRVI;y
TRVN;y
TRWH;y
TRX;y
TRXC;y
TS;y
TSBK;y
TSC;y
TSCAP;y
TSCBP;y
TSCO;y
TSE;y
TSEM;y
TSG;y
TSI;y
TSLA;y
TSLF;y
TSLX;y
TSM;y
TSN;y
TSQ;y
TSRI;y
TSU;y
TT;y
TTAC;y
TTAI;y
TTC;y
TTD;y
TTEC;y
TTEK;y
TTGT;y
TTI;y
TTM;y
TTMI;y
TTNP;y
TTOO;y
TTP;y
TTPH;y
TTT;y
TTTN;y
TTWO;y
TU;y
TUES;y
TUFN;y
TUP;y
TUR;y
TURN;y
TUSA;y
TUSK;y
TV;y
TVC;y
TVE;y
TVIX;y
TVTY;y
TW;y
TWI;y
TWIN;y
TWLO;y
TWM;y
TWMC;y
TWN;y
TWNK;y
TWNKW;y
TWO;y
TWOU;y
TWST;y
TWTR;y
TX;y
TXG;y
TXMD;y
TXN;y
TXRH;y
TXT;y
TY;y
TYBS;y
TYD;y
TYG;y
TYHT;y
TYL;y
TYME;y
TYO;y
TZA;y
TZAC;y
TZACU;y
TZOO;y
UA;y
UAA;y
UAE;y
UAG;y
UAL;y
UAMY;y
UAN;y
UAPR;y
UAUD;y
UAUG;y
UAVS;y
UBA;y
UBCP;y
UBER;y
UBFO;y
UBG;y
UBOH;y
UBOT;y
UBP;y
UBR;y
UBS;y
UBSI;y
UBT;y
UBX;y
UCBI;y
UCC;y
UCHF;y
UCI;y
UCIB;y
UCO;y
UCON;y
UCTT;y
UDEC;y
UDN;y
UDOW;y
UDR;y
UE;y
UEC;y
UEIC;y
UEPS;y
UEUR;y
UEVM;y
UFAB;y
UFCS;y
UFEB;y
UFI;y
UFO;y
UFPI;y
UFPT;y
UFS;y
UG;y
UGA;y
UGAZ;y
UGBP;y
UGE;y
UGI;y
UGL;y
UGLD;y
UGP;y
UHAL;y
UHS;y
UHT;y
UI;y
UIHC;y
UIS;y
UITB;y
UIVM;y
UJAN;y
UJB;y
UJPY;y
UJUL;y
UJUN;y
UL;y
ULBI;y
ULBR;y
ULE;y
ULH;y
ULST;y
ULTA;y
ULTR;y
ULVM;y
UMAR;y
UMBF;y
UMC;y
UMDD;y
UMH;y
UMPQ;y
UMRX;y
UN;y
UNAM;y
UNB;y
UNF;y
UNFI;y
UNG;y
UNH;y
UNIT;y
UNL;y
UNM;y
UNMA;y
UNOV;y
UNP;y
UNT;y
UNTY;y
UNVR;y
UOCT;y
UONE;y
UONEK;y
UPLD;y
UPRO;y
UPS;y
UPV;y
UPW;y
UPWK;y
URA;y
URBN;y
URE;y
URG;y
URGN;y
URI;y
URNM;y
UROV;y
URR;y
URTH;y
URTY;y
USA;y
USAC;y
USAI;y
USAK;y
USAP;y
USAS;y
USAU;y
USB;y
USCI;y
USCR;y
USD;y
USDP;y
USDU;y
USDY;y
USEG;y
USEP;y
USEQ;y
USFD;y
USFR;y
USHG;y
USHY;y
USI;y
USIG;y
USIO;y
USL;y
USLB;y
USLM;y
USLV;y
USM;y
USMC;y
USMF;y
USMV;y
USNA;y
USO;y
USOI;y
USPH;y
USRT;y
USSG;y
UST;y
USTB;y
USV;y
USVM;y
USWS;y
USX;y
UTES;y
UTF;y
UTG;y
UTHR;y
UTI;y
UTL;y
UTMD;y
UTRN;y
UTSI;y
UTSL;y
UTX;y
UTX.V;y
UUP;y
UUU;y
UUUU;y
UVE;y
UVSP;y
UVV;y
UVXY;y
UWM;y
UWT;y
UXI;y
UXIN;y
UYG;y
UYM;y
UZA;y
UZB;y
UZC;y
V;y
VAC;y
VAL;y
VALE;y
VALQ;y
VALT;y
VALU;y
VALX;y
VAM;y
VAMO;y
VAPO;y
VAR;y
VAW;y
VB;y
VBF;y
VBFC;y
VBIV;y
VBK;y
VBLT;y
VBND;y
VBR;y
VBTX;y
VC;y
VCEL;y
VCF;y
VCIF;y
VCIT;y
VCLT;y
VCNX;y
VCR;y
VCRA;y
VCSH;y
VCTR;y
VCV;y
VCYT;y
VDC;y
VDE;y
VEA;y
VEC;y
VECO;y
VEDL;y
VEEV;y
VEGA;y
VEGI;y
VEGN;y
VEL;y
VEON;y
VER;y
VERB;y
VERI;y
VERO;y
VERU;y
VERY;y
VET;y
VETS;y
VEU;y
VFC;y
VFF;y
VFH;y
VFL;y
VFLQ;y
VFMF;y
VFMO;y
VFMV;y
VFQY;y
VFVA;y
VG;y
VGFO;y
VGI;y
VGIT;y
VGK;y
VGLT;y
VGM;y
VGR;y
VGSH;y
VGT;y
VGZ;y
VHC;y
VHI;y
VHT;y
VIAC;y
VIACA;y
VIAV;y
VICI;y
VICR;y
VIDI;y
VIE;y
VIG;y
VIGI;y
VIIX;y
VIOG;y
VIOO;y
VIOT;y
VIOV;y
VIPS;y
VIR;y
VIRC;y
VIRT;y
VIS;y
VISL;y
VIST;y
VIV;y
VIVE;y
VIVO;y
VIXM;y
VIXY;y
VJET;y
VKI;y
VKQ;y
VKTX;y
VLGEA;y
VLO;y
VLRS;y
VLT;y
VLU;y
VLUE;y
VLY;y
VLYPO;y
VLYPP;y
VMBS;y
VMC;y
VMD;y
VMI;y
VMM;y
VMO;y
VMOT;y
VMW;y
VNCE;y
VNDA;y
VNE;y
VNET;y
VNLA;y
VNM;y
VNO;y
VNOM;y
VNQ;y
VNQI;y
VNRX;y
VNTR;y
VO;y
VOC;y
VOD;y
VOE;y
VOLT;y
VONE;y
VONG;y
VONV;y
VOO;y
VOOG;y
VOOV;y
VOT;y
VOX;y
VOXX;y
VOYA;y
VPC;y
VPG;y
VPL;y
VPU;y
VPV;y
VQT;y
VRA;y
VRAI;y
VRAY;y
VRCA;y
VREX;y
VRIG;y
VRML;y
VRNA;y
VRNS;y
VRNT;y
VRP;y
VRRM;y
VRS;y
VRSK;y
VRSN;y
VRT;y
VRTS;y
VRTU;y
VRTV;y
VRTX;y
VSAT;y
VSDA;y
VSEC;y
VSGX;y
VSH;y
VSL;y
VSLR;y
VSMV;y
VSS;y
VST;y
VSTM;y
VSTO;y
VT;y
VTA;y
VTC;y
VTEB;y
VTGN;y
VTHR;y
VTI;y
VTIP;y
VTIQ;y
VTIQU;y
VTIQW;y
VTN;y
VTNR;y
VTR;y
VTSI;y
VTV;y
VTVT;y
VTWG;y
VTWO;y
VTWV;y
VUG;y
VUSE;y
VUZI;y
VV;y
VVI;y
VVNT;y
VVPR;y
VVR;y
VVUS;y
VVV;y
VWO;y
VWOB;y
VXF;y
VXRT;y
VXUS;y
VXX;y
VXZ;y
VYGR;y
VYM;y
VYMI;y
VZ;y
W;y
WAB;y
WABC;y
WAFD;y
WAFU;y
WAL;y
WALA;y
WANT;y
WASH;y
WAT;y
WATT;y
WB;y
WBA;y
WBAI;y
WBC;y
WBIE;y
WBIF;y
WBIG;y
WBII;y
WBIL;y
WBIN;y
WBIT;y
WBIY;y
WBK;y
WBND;y
WBS;y
WBT;y
WCC;y
WCHN;y
WCLD;y
WCN;y
WD;y
WDAY;y
WDC;y
WDFC;y
WDIV;y
WDR;y
WEA;y
WEAT;y
WEBK;y
WEBL;y
WEBS;y
WEC;y
WEI;y
WELL;y
WEN;y
WERN;y
WES;y
WETF;y
WEX;y
WEYS;y
WF;y
WFC;y
WFHY;y
WFIG;y
WGO;y
WH;y
WHD;y
WHF;y
WHFBZ;y
WHG;y
WHLM;y
WHLR;y
WHLRD;y
WHLRP;y
WHR;y
WIA;y
WIFI;y
WIL;y
WILC;y
WINA;y
WINC;y
WING;y
WINS;y
WIP;y
WIRE;y
WISA;y
WIT;y
WIW;y
WIX;y
WIZ;y
WK;y
WKEY;y
WKHS;y
WLDN;y
WLDR;y
WLFC;y
WLK;y
WLKP;y
WLL;y
WLTW;y
WM;y
WMB;y
WMC;y
WMGI;y
WMK;y
WMS;y
WMT;y
WNC;y
WNEB;y
WNS;y
WOMN;y
WOOD;y
WOR;y
WORK;y
WORX;y
WOW;y
WPC;y
WPG;y
WPM;y
WPP;y
WPRT;y
WPS;y
WPX;y
WRB;y
WRE;y
WRI;y
WRK;y
WRLD;y
WRLS;y
WRLSU;y
WRN;y
WRTC;y
WSBC;y
WSBF;y
WSC;y
WSFS;y
WSG;y
WSM;y
WSO;y
WSR;y
WST;y
WSTG;y
WSTL;y
WTBA;y
WTER;y
WTFC;y
WTFCM;y
WTI;y
WTIU;y
WTM;y
WTMF;y
WTRE;y
WTREP;y
WTRG;y
WTRH;y
WTRU;y
WTS;y
WTT;y
WTTR;y
WU;y
WUBA;y
WVE;y
WVFC;y
WVVI;y
WVVIP;y
WW;y
WWD;y
WWE;y
WWJD;y
WWR;y
WWW;y
WY;y
WYND;y
WYNN;y
WYY;y
X;y
XAIR;y
XAN;y
XAR;y
XBI;y
XBIO;y
XBIOW;y
XBIT;y
XBUY;y
XCEM;y
XCOM;y
XCUR;y
XDIV;y
XEC;y
XEL;y
XELA;y
XELB;y
XENE;y
XENT;y
XERS;y
XES;y
XFLT;y
XFOR;y
XGN;y
XHB;y
XHE;y
XHR;y
XHS;y
XIN;y
XITK;y
XLB;y
XLC;y
XLE;y
XLF;y
XLG;y
XLI;y
XLK;y
XLNX;y
XLP;y
XLRE;y
XLRN;y
XLSR;y
XLU;y
XLV;y
XLY;y
XME;y
XMHQ;y
XMLV;y
XMMO;y
XMPT;y
XMVM;y
XNCR;y
XNET;y
XNTK;y
XOG;y
XOM;y
XOMA;y
XONE;y
XOP;y
XOUT;y
XP;y
XPEL;y
XPER;y
XPH;y
XPL;y
XPO;y
XPP;y
XRAY;y
XRF;y
XRLV;y
XRT;y
XRX;y
XSD;y
XSHD;y
XSHQ;y
XSLV;y
XSMO;y
XSOE;y
XSPA;y
XSVM;y
XSW;y
XT;y
XTH;y
XTL;y
XTLB;y
XTN;y
XTNT;y
XVZ;y
XWEB;y
XXII;y
XYF;y
XYL;y
Y;y
YANG;y
YCBD;y
YCL;y
YCOM;y
YCS;y
YELP;y
YETI;y
YEXT;y
YGRN;y
YGYI;y
YGYIP;y
YI;y
YIN;y
YINN;y
YJ;y
YLCO;y
YLD;y
YLDE;y
YMAB;y
YNDX;y
YOLO;y
YORW;y
YPF;y
YRCW;y
YRD;y
YTEN;y
YTRA;y
YUM;y
YUMA;y
YUMC;y
YVR;y
YXI;y
YY;y
YYY;y
Z;y
ZAGG;y
ZBH;y
ZBRA;y
ZCAN;y
ZCMD;y
ZDEU;y
ZDGE;y
ZEAL;y
ZEN;y
ZEUS;y
ZFGN;y
ZG;y
ZGBR;y
ZGNX;y
ZGYHU;y
ZHOK;y
ZIG;y
ZION;y
ZIONL;y
ZIONN;y
ZIONO;y
ZIONP;y
ZIONW;y
ZIOP;y
ZIV;y
ZIXI;y
ZJPN;y
ZKIN;y
ZLAB;y
ZM;y
ZMLP;y
ZN;y
ZNGA;y
ZNH;y
ZOM;y
ZROZ;y
ZS;y
ZSAN;y
ZSL;y
ZTO;y
ZTR;y
ZTS;y
ZUMZ;y
ZUO;y
ZVO;y
ZYME;y
ZYNE;y
ZYXI;y
